file,line,type,commit,author,date,time,timezone,datetime,depth,length
style.css,1,css,89278dbd,avimehta30,2025-01-11,17:39:19,-08:00,2025-01-11T17:39:19-08:00,0,4
style.css,2,css,79baab11,avimehta30,2025-01-17,17:15:58,-08:00,2025-01-17T17:15:58-08:00,1,29
style.css,3,css,79baab11,avimehta30,2025-01-17,17:15:58,-08:00,2025-01-17T17:15:58-08:00,1,15
style.css,4,css,79baab11,avimehta30,2025-01-17,17:15:58,-08:00,2025-01-17T17:15:58-08:00,1,15
style.css,5,css,79baab11,avimehta30,2025-01-17,17:15:58,-08:00,2025-01-17T17:15:58-08:00,1,42
style.css,6,css,79baab11,avimehta30,2025-01-17,17:15:58,-08:00,2025-01-17T17:15:58-08:00,1,18
style.css,7,css,79baab11,avimehta30,2025-01-17,17:15:58,-08:00,2025-01-17T17:15:58-08:00,1,17
style.css,8,css,4464219a,avimehta30,2025-01-17,04:34:31,-08:00,2025-01-17T04:34:31-08:00,0,0
style.css,9,css,4464219a,avimehta30,2025-01-17,04:34:31,-08:00,2025-01-17T04:34:31-08:00,0,0
style.css,10,css,4464219a,avimehta30,2025-01-17,04:34:31,-08:00,2025-01-17T04:34:31-08:00,0,5
style.css,11,css,2d474641,Avi Mehta,2025-01-31,22:16:51,-08:00,2025-01-31T22:16:51-08:00,1,23
style.css,12,css,79baab11,avimehta30,2025-01-17,17:15:58,-08:00,2025-01-17T17:15:58-08:00,1,31
style.css,13,css,2d474641,Avi Mehta,2025-01-31,22:16:51,-08:00,2025-01-31T22:16:51-08:00,1,39
style.css,14,css,4464219a,avimehta30,2025-01-17,04:34:31,-08:00,2025-01-17T04:34:31-08:00,0,0
style.css,15,css,4464219a,avimehta30,2025-01-17,04:34:31,-08:00,2025-01-17T04:34:31-08:00,0,0
style.css,16,css,4464219a,avimehta30,2025-01-17,04:34:31,-08:00,2025-01-17T04:34:31-08:00,0,4
style.css,17,css,79baab11,avimehta30,2025-01-17,17:15:58,-08:00,2025-01-17T17:15:58-08:00,1,32
style.css,18,css,4464219a,avimehta30,2025-01-17,04:34:31,-08:00,2025-01-17T04:34:31-08:00,0,0
style.css,19,css,4464219a,avimehta30,2025-01-17,04:34:31,-08:00,2025-01-17T04:34:31-08:00,0,0
style.css,20,css,4464219a,avimehta30,2025-01-17,04:34:31,-08:00,2025-01-17T04:34:31-08:00,0,3
style.css,21,css,79baab11,avimehta30,2025-01-17,17:15:58,-08:00,2025-01-17T17:15:58-08:00,1,12
style.css,22,css,79baab11,avimehta30,2025-01-17,17:15:58,-08:00,2025-01-17T17:15:58-08:00,1,28
style.css,23,css,79baab11,avimehta30,2025-01-17,17:15:58,-08:00,2025-01-17T17:15:58-08:00,1,18
style.css,24,css,79baab11,avimehta30,2025-01-17,17:15:58,-08:00,2025-01-17T17:15:58-08:00,1,17
style.css,25,css,2d474641,Avi Mehta,2025-01-31,22:16:51,-08:00,2025-01-31T22:16:51-08:00,1,43
style.css,26,css,79baab11,avimehta30,2025-01-17,17:15:58,-08:00,2025-01-17T17:15:58-08:00,1,15
style.css,27,css,4464219a,avimehta30,2025-01-17,04:34:31,-08:00,2025-01-17T04:34:31-08:00,0,0
style.css,28,css,4464219a,avimehta30,2025-01-17,04:34:31,-08:00,2025-01-17T04:34:31-08:00,0,0
style.css,29,css,4464219a,avimehta30,2025-01-17,04:34:31,-08:00,2025-01-17T04:34:31-08:00,0,5
style.css,30,css,79baab11,avimehta30,2025-01-17,17:15:58,-08:00,2025-01-17T17:15:58-08:00,1,20
style.css,31,css,9e284739,avimehta30,2025-01-25,21:08:14,-08:00,2025-01-25T21:08:14-08:00,1,13
style.css,32,css,79baab11,avimehta30,2025-01-17,17:15:58,-08:00,2025-01-17T17:15:58-08:00,1,17
style.css,33,css,79baab11,avimehta30,2025-01-17,17:15:58,-08:00,2025-01-17T17:15:58-08:00,1,6
style.css,34,css,79baab11,avimehta30,2025-01-17,17:15:58,-08:00,2025-01-17T17:15:58-08:00,1,13
style.css,35,css,9e284739,avimehta30,2025-01-25,21:08:14,-08:00,2025-01-25T21:08:14-08:00,1,15
style.css,36,css,79baab11,avimehta30,2025-01-17,17:15:58,-08:00,2025-01-17T17:15:58-08:00,1,31
style.css,37,css,4464219a,avimehta30,2025-01-17,04:34:31,-08:00,2025-01-17T04:34:31-08:00,0,0
style.css,38,css,4464219a,avimehta30,2025-01-17,04:34:31,-08:00,2025-01-17T04:34:31-08:00,0,0
style.css,39,css,4464219a,avimehta30,2025-01-17,04:34:31,-08:00,2025-01-17T04:34:31-08:00,0,13
style.css,40,css,2d474641,Avi Mehta,2025-01-31,22:16:51,-08:00,2025-01-31T22:16:51-08:00,1,45
style.css,41,css,9e284739,avimehta30,2025-01-25,21:08:14,-08:00,2025-01-25T21:08:14-08:00,1,20
style.css,42,css,4464219a,avimehta30,2025-01-17,04:34:31,-08:00,2025-01-17T04:34:31-08:00,0,0
style.css,43,css,4464219a,avimehta30,2025-01-17,04:34:31,-08:00,2025-01-17T04:34:31-08:00,0,0
style.css,44,css,4464219a,avimehta30,2025-01-17,04:34:31,-08:00,2025-01-17T04:34:31-08:00,0,11
style.css,45,css,9e284739,avimehta30,2025-01-25,21:08:14,-08:00,2025-01-25T21:08:14-08:00,1,45
style.css,46,css,2d474641,Avi Mehta,2025-01-31,22:16:51,-08:00,2025-01-31T22:16:51-08:00,1,69
style.css,47,css,4464219a,avimehta30,2025-01-17,04:34:31,-08:00,2025-01-17T04:34:31-08:00,0,0
style.css,48,css,6d7c1135,avimehta30,2025-01-17,04:50:38,-08:00,2025-01-17T04:50:38-08:00,0,0
style.css,49,css,c77f42fc,avimehta30,2025-01-17,04:56:36,-08:00,2025-01-17T04:56:36-08:00,0,4
style.css,50,css,79baab11,avimehta30,2025-01-17,17:15:58,-08:00,2025-01-17T17:15:58-08:00,1,12
style.css,51,css,79baab11,avimehta30,2025-01-17,17:15:58,-08:00,2025-01-17T17:15:58-08:00,1,30
style.css,52,css,79baab11,avimehta30,2025-01-17,17:15:58,-08:00,2025-01-17T17:15:58-08:00,1,7
style.css,53,css,79baab11,avimehta30,2025-01-17,17:15:58,-08:00,2025-01-17T17:15:58-08:00,1,15
style.css,54,css,79baab11,avimehta30,2025-01-17,17:15:58,-08:00,2025-01-17T17:15:58-08:00,1,15
style.css,55,css,79baab11,avimehta30,2025-01-17,17:15:58,-08:00,2025-01-17T17:15:58-08:00,1,13
style.css,56,css,2d474641,Avi Mehta,2025-01-31,22:16:51,-08:00,2025-01-31T22:16:51-08:00,1,36
style.css,57,css,79baab11,avimehta30,2025-01-17,17:15:58,-08:00,2025-01-17T17:15:58-08:00,1,17
style.css,58,css,2d474641,Avi Mehta,2025-01-31,22:16:51,-08:00,2025-01-31T22:16:51-08:00,1,48
style.css,59,css,79baab11,avimehta30,2025-01-17,17:15:58,-08:00,2025-01-17T17:15:58-08:00,1,39
style.css,60,css,79baab11,avimehta30,2025-01-17,17:15:58,-08:00,2025-01-17T17:15:58-08:00,0,0
style.css,61,css,79baab11,avimehta30,2025-01-17,17:15:58,-08:00,2025-01-17T17:15:58-08:00,0,0
style.css,62,css,6d7c1135,avimehta30,2025-01-17,04:50:38,-08:00,2025-01-17T04:50:38-08:00,0,10
style.css,63,css,79baab11,avimehta30,2025-01-17,17:15:58,-08:00,2025-01-17T17:15:58-08:00,1,12
style.css,64,css,79baab11,avimehta30,2025-01-17,17:15:58,-08:00,2025-01-17T17:15:58-08:00,1,13
style.css,65,css,79baab11,avimehta30,2025-01-17,17:15:58,-08:00,2025-01-17T17:15:58-08:00,1,17
style.css,66,css,79baab11,avimehta30,2025-01-17,17:15:58,-08:00,2025-01-17T17:15:58-08:00,1,16
style.css,67,css,6d7c1135,avimehta30,2025-01-17,04:50:38,-08:00,2025-01-17T04:50:38-08:00,0,0
style.css,68,css,6d7c1135,avimehta30,2025-01-17,04:50:38,-08:00,2025-01-17T04:50:38-08:00,0,0
style.css,69,css,6d7c1135,avimehta30,2025-01-17,04:50:38,-08:00,2025-01-17T04:50:38-08:00,0,9
style.css,70,css,6d7c1135,avimehta30,2025-01-17,04:50:38,-08:00,2025-01-17T04:50:38-08:00,0,13
style.css,71,css,79baab11,avimehta30,2025-01-17,17:15:58,-08:00,2025-01-17T17:15:58-08:00,1,13
style.css,72,css,79baab11,avimehta30,2025-01-17,17:15:58,-08:00,2025-01-17T17:15:58-08:00,1,10
style.css,73,css,79baab11,avimehta30,2025-01-17,17:15:58,-08:00,2025-01-17T17:15:58-08:00,1,13
style.css,74,css,2d474641,Avi Mehta,2025-01-31,22:16:51,-08:00,2025-01-31T22:16:51-08:00,1,36
style.css,75,css,79baab11,avimehta30,2025-01-17,17:15:58,-08:00,2025-01-17T17:15:58-08:00,1,17
style.css,76,css,79baab11,avimehta30,2025-01-17,17:15:58,-08:00,2025-01-17T17:15:58-08:00,1,12
style.css,77,css,79baab11,avimehta30,2025-01-17,17:15:58,-08:00,2025-01-17T17:15:58-08:00,1,21
style.css,78,css,2d474641,Avi Mehta,2025-01-31,22:16:51,-08:00,2025-01-31T22:16:51-08:00,1,48
style.css,79,css,48176e6f,avimehta30,2025-01-17,04:59:30,-08:00,2025-01-17T04:59:30-08:00,0,0
style.css,80,css,48176e6f,avimehta30,2025-01-17,04:59:30,-08:00,2025-01-17T04:59:30-08:00,0,0
style.css,81,css,48176e6f,avimehta30,2025-01-17,04:59:30,-08:00,2025-01-17T04:59:30-08:00,0,22
style.css,82,css,48176e6f,avimehta30,2025-01-17,04:59:30,-08:00,2025-01-17T04:59:30-08:00,0,26
style.css,83,css,79baab11,avimehta30,2025-01-17,17:15:58,-08:00,2025-01-17T17:15:58-08:00,1,10
style.css,84,css,6d7c1135,avimehta30,2025-01-17,04:50:38,-08:00,2025-01-17T04:50:38-08:00,0,0
style.css,85,css,6d7c1135,avimehta30,2025-01-17,04:50:38,-08:00,2025-01-17T04:50:38-08:00,0,0
style.css,86,css,6d7c1135,avimehta30,2025-01-17,04:50:38,-08:00,2025-01-17T04:50:38-08:00,0,13
style.css,87,css,79baab11,avimehta30,2025-01-17,17:15:58,-08:00,2025-01-17T17:15:58-08:00,1,15
style.css,88,css,79baab11,avimehta30,2025-01-17,17:15:58,-08:00,2025-01-17T17:15:58-08:00,1,16
style.css,89,css,6d7c1135,avimehta30,2025-01-17,04:50:38,-08:00,2025-01-17T04:50:38-08:00,0,0
style.css,90,css,6d7c1135,avimehta30,2025-01-17,04:50:38,-08:00,2025-01-17T04:50:38-08:00,0,0
style.css,91,css,6d7c1135,avimehta30,2025-01-17,04:50:38,-08:00,2025-01-17T04:50:38-08:00,0,11
style.css,92,css,79baab11,avimehta30,2025-01-17,17:15:58,-08:00,2025-01-17T17:15:58-08:00,1,18
style.css,93,css,79baab11,avimehta30,2025-01-17,17:15:58,-08:00,2025-01-17T17:15:58-08:00,1,14
style.css,94,css,2d474641,Avi Mehta,2025-01-31,22:16:51,-08:00,2025-01-31T22:16:51-08:00,1,36
style.css,95,css,79baab11,avimehta30,2025-01-17,17:15:58,-08:00,2025-01-17T17:15:58-08:00,1,10
style.css,96,css,79baab11,avimehta30,2025-01-17,17:15:58,-08:00,2025-01-17T17:15:58-08:00,1,11
style.css,97,css,79baab11,avimehta30,2025-01-17,17:15:58,-08:00,2025-01-17T17:15:58-08:00,1,17
style.css,98,css,79baab11,avimehta30,2025-01-17,17:15:58,-08:00,2025-01-17T17:15:58-08:00,1,13
style.css,99,css,79baab11,avimehta30,2025-01-17,17:15:58,-08:00,2025-01-17T17:15:58-08:00,1,16
style.css,100,css,79baab11,avimehta30,2025-01-17,17:15:58,-08:00,2025-01-17T17:15:58-08:00,1,14
style.css,101,css,79baab11,avimehta30,2025-01-17,17:15:58,-08:00,2025-01-17T17:15:58-08:00,1,37
style.css,102,css,79baab11,avimehta30,2025-01-17,17:15:58,-08:00,2025-01-17T17:15:58-08:00,0,0
style.css,103,css,79baab11,avimehta30,2025-01-17,17:15:58,-08:00,2025-01-17T17:15:58-08:00,0,0
style.css,104,css,6d7c1135,avimehta30,2025-01-17,04:50:38,-08:00,2025-01-17T04:50:38-08:00,0,17
style.css,105,css,2d474641,Avi Mehta,2025-01-31,22:16:51,-08:00,2025-01-31T22:16:51-08:00,1,68
style.css,106,css,6d7c1135,avimehta30,2025-01-17,04:50:38,-08:00,2025-01-17T04:50:38-08:00,0,0
style.css,107,css,15b506e7,avimehta30,2025-01-17,16:29:16,-08:00,2025-01-17T16:29:16-08:00,0,0
style.css,108,css,15b506e7,avimehta30,2025-01-17,16:29:16,-08:00,2025-01-17T16:29:16-08:00,0,9
style.css,109,css,79baab11,avimehta30,2025-01-17,17:15:58,-08:00,2025-01-17T17:15:58-08:00,1,12
style.css,110,css,79baab11,avimehta30,2025-01-17,17:15:58,-08:00,2025-01-17T17:15:58-08:00,1,58
style.css,111,css,79baab11,avimehta30,2025-01-17,17:15:58,-08:00,2025-01-17T17:15:58-08:00,1,7
style.css,112,css,79baab11,avimehta30,2025-01-17,17:15:58,-08:00,2025-01-17T17:15:58-08:00,1,11
style.css,113,css,15b506e7,avimehta30,2025-01-17,16:29:16,-08:00,2025-01-17T16:29:16-08:00,0,0
style.css,114,css,15b506e7,avimehta30,2025-01-17,16:29:16,-08:00,2025-01-17T16:29:16-08:00,0,0
style.css,115,css,15b506e7,avimehta30,2025-01-17,16:29:16,-08:00,2025-01-17T16:29:16-08:00,0,17
style.css,116,css,79baab11,avimehta30,2025-01-17,17:15:58,-08:00,2025-01-17T17:15:58-08:00,1,12
style.css,117,css,79baab11,avimehta30,2025-01-17,17:15:58,-08:00,2025-01-17T17:15:58-08:00,1,26
style.css,118,css,79baab11,avimehta30,2025-01-17,17:15:58,-08:00,2025-01-17T17:15:58-08:00,1,15
style.css,119,css,79baab11,avimehta30,2025-01-17,17:15:58,-08:00,2025-01-17T17:15:58-08:00,1,11
style.css,120,css,2d474641,Avi Mehta,2025-01-31,22:16:51,-08:00,2025-01-31T22:16:51-08:00,1,36
style.css,121,css,79baab11,avimehta30,2025-01-17,17:15:58,-08:00,2025-01-17T17:15:58-08:00,1,17
style.css,122,css,79baab11,avimehta30,2025-01-17,17:15:58,-08:00,2025-01-17T17:15:58-08:00,1,39
style.css,123,css,2d474641,Avi Mehta,2025-01-31,22:16:51,-08:00,2025-01-31T22:16:51-08:00,1,48
style.css,124,css,15b506e7,avimehta30,2025-01-17,16:29:16,-08:00,2025-01-17T16:29:16-08:00,0,0
style.css,125,css,15b506e7,avimehta30,2025-01-17,16:29:16,-08:00,2025-01-17T16:29:16-08:00,0,0
style.css,126,css,15b506e7,avimehta30,2025-01-17,16:29:16,-08:00,2025-01-17T16:29:16-08:00,0,21
style.css,127,css,79baab11,avimehta30,2025-01-17,17:15:58,-08:00,2025-01-17T17:15:58-08:00,1,10
style.css,128,css,79baab11,avimehta30,2025-01-17,17:15:58,-08:00,2025-01-17T17:15:58-08:00,1,11
style.css,129,css,79baab11,avimehta30,2025-01-17,17:15:58,-08:00,2025-01-17T17:15:58-08:00,1,13
style.css,130,css,79baab11,avimehta30,2025-01-17,17:15:58,-08:00,2025-01-17T17:15:58-08:00,1,17
style.css,131,css,15b506e7,avimehta30,2025-01-17,16:29:16,-08:00,2025-01-17T16:29:16-08:00,0,0
style.css,132,css,15b506e7,avimehta30,2025-01-17,16:29:16,-08:00,2025-01-17T16:29:16-08:00,0,0
style.css,133,css,15b506e7,avimehta30,2025-01-17,16:29:16,-08:00,2025-01-17T16:29:16-08:00,0,20
style.css,134,css,79baab11,avimehta30,2025-01-17,17:15:58,-08:00,2025-01-17T17:15:58-08:00,1,16
style.css,135,css,79baab11,avimehta30,2025-01-17,17:15:58,-08:00,2025-01-17T17:15:58-08:00,1,8
style.css,136,css,31541e8c,avimehta30,2025-01-17,16:48:17,-08:00,2025-01-17T16:48:17-08:00,1,15
style.css,137,css,15b506e7,avimehta30,2025-01-17,16:29:16,-08:00,2025-01-17T16:29:16-08:00,0,0
style.css,138,css,15b506e7,avimehta30,2025-01-17,16:29:16,-08:00,2025-01-17T16:29:16-08:00,0,0
style.css,139,css,15b506e7,avimehta30,2025-01-17,16:29:16,-08:00,2025-01-17T16:29:16-08:00,0,19
style.css,140,css,79baab11,avimehta30,2025-01-17,17:15:58,-08:00,2025-01-17T17:15:58-08:00,1,13
style.css,141,css,79baab11,avimehta30,2025-01-17,17:15:58,-08:00,2025-01-17T17:15:58-08:00,1,15
style.css,142,css,79baab11,avimehta30,2025-01-17,17:15:58,-08:00,2025-01-17T17:15:58-08:00,1,8
style.css,143,css,15b506e7,avimehta30,2025-01-17,16:29:16,-08:00,2025-01-17T16:29:16-08:00,0,0
style.css,144,css,15b506e7,avimehta30,2025-01-17,16:29:16,-08:00,2025-01-17T16:29:16-08:00,0,0
style.css,145,css,31541e8c,avimehta30,2025-01-17,16:48:17,-08:00,2025-01-17T16:48:17-08:00,0,2
style.css,146,css,79baab11,avimehta30,2025-01-17,17:15:58,-08:00,2025-01-17T17:15:58-08:00,1,13
style.css,147,css,79baab11,avimehta30,2025-01-17,17:15:58,-08:00,2025-01-17T17:15:58-08:00,1,15
style.css,148,css,79baab11,avimehta30,2025-01-17,17:15:58,-08:00,2025-01-17T17:15:58-08:00,1,17
style.css,149,css,79baab11,avimehta30,2025-01-17,17:15:58,-08:00,2025-01-17T17:15:58-08:00,1,17
style.css,150,css,79baab11,avimehta30,2025-01-17,17:15:58,-08:00,2025-01-17T17:15:58-08:00,1,17
style.css,151,css,31541e8c,avimehta30,2025-01-17,16:48:17,-08:00,2025-01-17T16:48:17-08:00,0,0
style.css,152,css,31541e8c,avimehta30,2025-01-17,16:48:17,-08:00,2025-01-17T16:48:17-08:00,0,0
style.css,153,css,31541e8c,avimehta30,2025-01-17,16:48:17,-08:00,2025-01-17T16:48:17-08:00,0,22
style.css,154,css,79baab11,avimehta30,2025-01-17,17:15:58,-08:00,2025-01-17T17:15:58-08:00,1,15
style.css,155,css,79baab11,avimehta30,2025-01-17,17:15:58,-08:00,2025-01-17T17:15:58-08:00,1,17
style.css,156,css,79baab11,avimehta30,2025-01-17,17:15:58,-08:00,2025-01-17T17:15:58-08:00,1,8
style.css,157,css,31541e8c,avimehta30,2025-01-17,16:48:17,-08:00,2025-01-17T16:48:17-08:00,0,0
style.css,158,css,757a4853,avimehta30,2025-01-17,16:55:02,-08:00,2025-01-17T16:55:02-08:00,0,0
style.css,159,css,757a4853,avimehta30,2025-01-17,16:55:02,-08:00,2025-01-17T16:55:02-08:00,0,4
style.css,160,css,757a4853,avimehta30,2025-01-17,16:55:02,-08:00,2025-01-17T16:55:02-08:00,1,15
style.css,161,css,79baab11,avimehta30,2025-01-17,17:15:58,-08:00,2025-01-17T17:15:58-08:00,1,15
style.css,162,css,757a4853,avimehta30,2025-01-17,16:55:02,-08:00,2025-01-17T16:55:02-08:00,1,11
style.css,163,css,79baab11,avimehta30,2025-01-17,17:15:58,-08:00,2025-01-17T17:15:58-08:00,1,17
style.css,164,css,757a4853,avimehta30,2025-01-17,16:55:02,-08:00,2025-01-17T16:55:02-08:00,0,0
style.css,165,css,757a4853,avimehta30,2025-01-17,16:55:02,-08:00,2025-01-17T16:55:02-08:00,0,0
style.css,166,css,757a4853,avimehta30,2025-01-17,16:55:02,-08:00,2025-01-17T16:55:02-08:00,0,15
style.css,167,css,79baab11,avimehta30,2025-01-17,17:15:58,-08:00,2025-01-17T17:15:58-08:00,1,14
style.css,168,css,757a4853,avimehta30,2025-01-17,16:55:02,-08:00,2025-01-17T16:55:02-08:00,1,11
style.css,169,css,2d474641,Avi Mehta,2025-01-31,22:16:51,-08:00,2025-01-31T22:16:51-08:00,1,48
style.css,170,css,2d474641,Avi Mehta,2025-01-31,22:16:51,-08:00,2025-01-31T22:16:51-08:00,1,36
style.css,171,css,79baab11,avimehta30,2025-01-17,17:15:58,-08:00,2025-01-17T17:15:58-08:00,1,17
style.css,172,css,79baab11,avimehta30,2025-01-17,17:15:58,-08:00,2025-01-17T17:15:58-08:00,1,39
style.css,173,css,757a4853,avimehta30,2025-01-17,16:55:02,-08:00,2025-01-17T16:55:02-08:00,0,0
style.css,174,css,757a4853,avimehta30,2025-01-17,16:55:02,-08:00,2025-01-17T16:55:02-08:00,0,0
style.css,175,css,757a4853,avimehta30,2025-01-17,16:55:02,-08:00,2025-01-17T16:55:02-08:00,0,13
style.css,176,css,79baab11,avimehta30,2025-01-17,17:15:58,-08:00,2025-01-17T17:15:58-08:00,1,14
style.css,177,css,79baab11,avimehta30,2025-01-17,17:15:58,-08:00,2025-01-17T17:15:58-08:00,1,11
style.css,178,css,2d474641,Avi Mehta,2025-01-31,22:16:51,-08:00,2025-01-31T22:16:51-08:00,1,36
style.css,179,css,79baab11,avimehta30,2025-01-17,17:15:58,-08:00,2025-01-17T17:15:58-08:00,1,17
style.css,180,css,79baab11,avimehta30,2025-01-17,17:15:58,-08:00,2025-01-17T17:15:58-08:00,1,39
style.css,181,css,79baab11,avimehta30,2025-01-17,17:15:58,-08:00,2025-01-17T17:15:58-08:00,1,14
style.css,182,css,757a4853,avimehta30,2025-01-17,16:55:02,-08:00,2025-01-17T16:55:02-08:00,0,0
style.css,183,css,757a4853,avimehta30,2025-01-17,16:55:02,-08:00,2025-01-17T16:55:02-08:00,0,0
style.css,184,css,757a4853,avimehta30,2025-01-17,16:55:02,-08:00,2025-01-17T16:55:02-08:00,0,17
style.css,185,css,2d474641,Avi Mehta,2025-01-31,22:16:51,-08:00,2025-01-31T22:16:51-08:00,1,25
style.css,186,css,79baab11,avimehta30,2025-01-17,17:15:58,-08:00,2025-01-17T17:15:58-08:00,1,20
style.css,187,css,79baab11,avimehta30,2025-01-17,17:15:58,-08:00,2025-01-17T17:15:58-08:00,1,16
style.css,188,css,79baab11,avimehta30,2025-01-17,17:15:58,-08:00,2025-01-17T17:15:58-08:00,1,26
style.css,189,css,757a4853,avimehta30,2025-01-17,16:55:02,-08:00,2025-01-17T16:55:02-08:00,0,0
style.css,190,css,757a4853,avimehta30,2025-01-17,16:55:02,-08:00,2025-01-17T16:55:02-08:00,0,0
style.css,191,css,757a4853,avimehta30,2025-01-17,16:55:02,-08:00,2025-01-17T16:55:02-08:00,0,23
style.css,192,css,2d474641,Avi Mehta,2025-01-31,22:16:51,-08:00,2025-01-31T22:16:51-08:00,1,57
style.css,193,css,2d474641,Avi Mehta,2025-01-31,22:16:51,-08:00,2025-01-31T22:16:51-08:00,0,0
style.css,194,css,2d474641,Avi Mehta,2025-01-31,22:16:51,-08:00,2025-01-31T22:16:51-08:00,0,0
style.css,195,css,2d474641,Avi Mehta,2025-01-31,22:16:51,-08:00,2025-01-31T22:16:51-08:00,0,13
style.css,196,css,2d474641,Avi Mehta,2025-01-31,22:16:51,-08:00,2025-01-31T22:16:51-08:00,1,17
style.css,197,css,2d474641,Avi Mehta,2025-01-31,22:16:51,-08:00,2025-01-31T22:16:51-08:00,1,8
style.css,198,css,2d474641,Avi Mehta,2025-01-31,22:16:51,-08:00,2025-01-31T22:16:51-08:00,1,10
style.css,199,css,2d474641,Avi Mehta,2025-01-31,22:16:51,-08:00,2025-01-31T22:16:51-08:00,1,13
style.css,200,css,2d474641,Avi Mehta,2025-01-31,22:16:51,-08:00,2025-01-31T22:16:51-08:00,1,19
style.css,201,css,2d474641,Avi Mehta,2025-01-31,22:16:51,-08:00,2025-01-31T22:16:51-08:00,1,48
style.css,202,css,2d474641,Avi Mehta,2025-01-31,22:16:51,-08:00,2025-01-31T22:16:51-08:00,1,13
style.css,203,css,2d474641,Avi Mehta,2025-01-31,22:16:51,-08:00,2025-01-31T22:16:51-08:00,1,36
style.css,204,css,2d474641,Avi Mehta,2025-01-31,22:16:51,-08:00,2025-01-31T22:16:51-08:00,1,17
style.css,205,css,757a4853,avimehta30,2025-01-17,16:55:02,-08:00,2025-01-17T16:55:02-08:00,0,0
style.css,206,css,42389870,Avi Mehta,2025-01-31,23:29:17,-08:00,2025-01-31T23:29:17-08:00,0,0
style.css,207,css,42389870,Avi Mehta,2025-01-31,23:29:17,-08:00,2025-01-31T23:29:17-08:00,0,26
style.css,208,css,42389870,Avi Mehta,2025-01-31,23:29:17,-08:00,2025-01-31T23:29:17-08:00,0,14
style.css,209,css,42389870,Avi Mehta,2025-01-31,23:29:17,-08:00,2025-01-31T23:29:17-08:00,1,17
style.css,210,css,42389870,Avi Mehta,2025-01-31,23:29:17,-08:00,2025-01-31T23:29:17-08:00,1,15
style.css,211,css,42389870,Avi Mehta,2025-01-31,23:29:17,-08:00,2025-01-31T23:29:17-08:00,0,0
style.css,212,css,42389870,Avi Mehta,2025-01-31,23:29:17,-08:00,2025-01-31T23:29:17-08:00,0,0
style.css,213,css,42389870,Avi Mehta,2025-01-31,23:29:17,-08:00,2025-01-31T23:29:17-08:00,0,17
style.css,214,css,42389870,Avi Mehta,2025-01-31,23:29:17,-08:00,2025-01-31T23:29:17-08:00,1,14
style.css,215,css,42389870,Avi Mehta,2025-01-31,23:29:17,-08:00,2025-01-31T23:29:17-08:00,1,16
style.css,216,css,42389870,Avi Mehta,2025-01-31,23:29:17,-08:00,2025-01-31T23:29:17-08:00,1,18
style.css,217,css,42389870,Avi Mehta,2025-01-31,23:29:17,-08:00,2025-01-31T23:29:17-08:00,0,0
style.css,218,css,42389870,Avi Mehta,2025-01-31,23:29:17,-08:00,2025-01-31T23:29:17-08:00,0,0
style.css,219,css,42389870,Avi Mehta,2025-01-31,23:29:17,-08:00,2025-01-31T23:29:17-08:00,0,17
style.css,220,css,42389870,Avi Mehta,2025-01-31,23:29:17,-08:00,2025-01-31T23:29:17-08:00,1,12
style.css,221,css,42389870,Avi Mehta,2025-01-31,23:29:17,-08:00,2025-01-31T23:29:17-08:00,1,36
style.css,222,css,42389870,Avi Mehta,2025-01-31,23:29:17,-08:00,2025-01-31T23:29:17-08:00,1,8
style.css,223,css,42389870,Avi Mehta,2025-01-31,23:29:17,-08:00,2025-01-31T23:29:17-08:00,1,22
style.css,224,css,42389870,Avi Mehta,2025-01-31,23:29:17,-08:00,2025-01-31T23:29:17-08:00,1,18
style.css,225,css,42389870,Avi Mehta,2025-01-31,23:29:17,-08:00,2025-01-31T23:29:17-08:00,1,17
style.css,226,css,42389870,Avi Mehta,2025-01-31,23:29:17,-08:00,2025-01-31T23:29:17-08:00,1,15
style.css,227,css,42389870,Avi Mehta,2025-01-31,23:29:17,-08:00,2025-01-31T23:29:17-08:00,1,13
style.css,228,css,42389870,Avi Mehta,2025-01-31,23:29:17,-08:00,2025-01-31T23:29:17-08:00,0,0
style.css,229,css,42389870,Avi Mehta,2025-01-31,23:29:17,-08:00,2025-01-31T23:29:17-08:00,0,0
style.css,230,css,42389870,Avi Mehta,2025-01-31,23:29:17,-08:00,2025-01-31T23:29:17-08:00,0,17
style.css,231,css,42389870,Avi Mehta,2025-01-31,23:29:17,-08:00,2025-01-31T23:29:17-08:00,1,14
style.css,232,css,42389870,Avi Mehta,2025-01-31,23:29:17,-08:00,2025-01-31T23:29:17-08:00,1,10
style.css,233,css,42389870,Avi Mehta,2025-01-31,23:29:17,-08:00,2025-01-31T23:29:17-08:00,1,24
style.css,234,css,42389870,Avi Mehta,2025-01-31,23:29:17,-08:00,2025-01-31T23:29:17-08:00,1,16
style.css,235,css,42389870,Avi Mehta,2025-01-31,23:29:17,-08:00,2025-01-31T23:29:17-08:00,0,0
style.css,236,css,42389870,Avi Mehta,2025-01-31,23:29:17,-08:00,2025-01-31T23:29:17-08:00,0,0
style.css,237,css,42389870,Avi Mehta,2025-01-31,23:29:17,-08:00,2025-01-31T23:29:17-08:00,0,17
style.css,238,css,42389870,Avi Mehta,2025-01-31,23:29:17,-08:00,2025-01-31T23:29:17-08:00,1,14
style.css,239,css,42389870,Avi Mehta,2025-01-31,23:29:17,-08:00,2025-01-31T23:29:17-08:00,1,16
style.css,240,css,42389870,Avi Mehta,2025-01-31,23:29:17,-08:00,2025-01-31T23:29:17-08:00,1,8
style.css,241,css,42389870,Avi Mehta,2025-01-31,23:29:17,-08:00,2025-01-31T23:29:17-08:00,0,0
style.css,242,css,42389870,Avi Mehta,2025-01-31,23:29:17,-08:00,2025-01-31T23:29:17-08:00,0,0
style.css,243,css,8a09741e,Avi Mehta,2025-02-08,18:05:27,-08:00,2025-02-08T18:05:27-08:00,0,17
style.css,244,css,5adf4450,Avi Mehta,2025-02-08,17:34:23,-08:00,2025-02-08T17:34:23-08:00,1,14
style.css,245,css,5adf4450,Avi Mehta,2025-02-08,17:34:23,-08:00,2025-02-08T17:34:23-08:00,1,16
style.css,246,css,5adf4450,Avi Mehta,2025-02-08,17:34:23,-08:00,2025-02-08T17:34:23-08:00,0,0
style.css,247,css,5adf4450,Avi Mehta,2025-02-08,17:34:23,-08:00,2025-02-08T17:34:23-08:00,1,16
style.css,248,css,8a09741e,Avi Mehta,2025-02-08,18:05:27,-08:00,2025-02-08T18:05:27-08:00,0,2
style.css,249,css,8a09741e,Avi Mehta,2025-02-08,18:05:27,-08:00,2025-02-08T18:05:27-08:00,0,0
style.css,250,css,8a09741e,Avi Mehta,2025-02-08,18:05:27,-08:00,2025-02-08T18:05:27-08:00,0,7
style.css,251,css,8a09741e,Avi Mehta,2025-02-08,18:05:27,-08:00,2025-02-08T18:05:27-08:00,1,48
style.css,252,css,8a09741e,Avi Mehta,2025-02-08,18:05:27,-08:00,2025-02-08T18:05:27-08:00,1,12
style.css,253,css,8a09741e,Avi Mehta,2025-02-08,18:05:27,-08:00,2025-02-08T18:05:27-08:00,1,57
style.css,254,css,8a09741e,Avi Mehta,2025-02-08,18:05:27,-08:00,2025-02-08T18:05:27-08:00,1,8
style.css,255,css,8a09741e,Avi Mehta,2025-02-08,18:05:27,-08:00,2025-02-08T18:05:27-08:00,1,12
style.css,256,css,8a09741e,Avi Mehta,2025-02-08,18:05:27,-08:00,2025-02-08T18:05:27-08:00,1,15
style.css,257,css,8a09741e,Avi Mehta,2025-02-08,18:05:27,-08:00,2025-02-08T18:05:27-08:00,1,36
style.css,258,css,8a09741e,Avi Mehta,2025-02-08,18:05:27,-08:00,2025-02-08T18:05:27-08:00,1,17
style.css,259,css,8a09741e,Avi Mehta,2025-02-08,18:05:27,-08:00,2025-02-08T18:05:27-08:00,0,0
style.css,260,css,8a09741e,Avi Mehta,2025-02-08,18:05:27,-08:00,2025-02-08T18:05:27-08:00,0,0
style.css,261,css,8a09741e,Avi Mehta,2025-02-08,18:05:27,-08:00,2025-02-08T18:05:27-08:00,0,28
style.css,262,css,8a09741e,Avi Mehta,2025-02-08,18:05:27,-08:00,2025-02-08T18:05:27-08:00,0,12
style.css,263,css,8a09741e,Avi Mehta,2025-02-08,18:05:27,-08:00,2025-02-08T18:05:27-08:00,1,12
style.css,264,css,8a09741e,Avi Mehta,2025-02-08,18:05:27,-08:00,2025-02-08T18:05:27-08:00,1,18
style.css,265,css,8a09741e,Avi Mehta,2025-02-08,18:05:27,-08:00,2025-02-08T18:05:27-08:00,1,7
style.css,266,css,8a09741e,Avi Mehta,2025-02-08,18:05:27,-08:00,2025-02-08T18:05:27-08:00,1,14
style.css,267,css,5adf4450,Avi Mehta,2025-02-08,17:34:23,-08:00,2025-02-08T17:34:23-08:00,0,0
style.css,268,css,5adf4450,Avi Mehta,2025-02-08,17:34:23,-08:00,2025-02-08T17:34:23-08:00,0,0
style.css,269,css,8a09741e,Avi Mehta,2025-02-08,18:05:27,-08:00,2025-02-08T18:05:27-08:00,0,49
style.css,270,css,8a09741e,Avi Mehta,2025-02-08,18:05:27,-08:00,2025-02-08T18:05:27-08:00,0,15
style.css,271,css,8a09741e,Avi Mehta,2025-02-08,18:05:27,-08:00,2025-02-08T18:05:27-08:00,1,10
style.css,272,css,8a09741e,Avi Mehta,2025-02-08,18:05:27,-08:00,2025-02-08T18:05:27-08:00,1,11
style.css,273,css,8a09741e,Avi Mehta,2025-02-08,18:05:27,-08:00,2025-02-08T18:05:27-08:00,1,20
style.css,274,css,8a09741e,Avi Mehta,2025-02-08,18:05:27,-08:00,2025-02-08T18:05:27-08:00,1,17
style.css,275,css,8a09741e,Avi Mehta,2025-02-08,18:05:27,-08:00,2025-02-08T18:05:27-08:00,1,29
style.css,276,css,8a09741e,Avi Mehta,2025-02-08,18:05:27,-08:00,2025-02-08T18:05:27-08:00,0,0
style.css,277,css,8a09741e,Avi Mehta,2025-02-08,18:05:27,-08:00,2025-02-08T18:05:27-08:00,0,0
style.css,278,css,8a09741e,Avi Mehta,2025-02-08,18:05:27,-08:00,2025-02-08T18:05:27-08:00,0,66
style.css,279,css,8a09741e,Avi Mehta,2025-02-08,18:05:27,-08:00,2025-02-08T18:05:27-08:00,0,10
style.css,280,css,8a09741e,Avi Mehta,2025-02-08,18:05:27,-08:00,2025-02-08T18:05:27-08:00,1,12
style.css,281,css,8a09741e,Avi Mehta,2025-02-08,18:05:27,-08:00,2025-02-08T18:05:27-08:00,1,47
style.css,282,css,8a09741e,Avi Mehta,2025-02-08,18:05:27,-08:00,2025-02-08T18:05:27-08:00,1,22
style.css,283,css,8a09741e,Avi Mehta,2025-02-08,18:05:27,-08:00,2025-02-08T18:05:27-08:00,1,49
style.css,284,css,8a09741e,Avi Mehta,2025-02-08,18:05:27,-08:00,2025-02-08T18:05:27-08:00,1,16
style.css,285,css,8a09741e,Avi Mehta,2025-02-08,18:05:27,-08:00,2025-02-08T18:05:27-08:00,1,15
style.css,286,css,8a09741e,Avi Mehta,2025-02-08,18:05:27,-08:00,2025-02-08T18:05:27-08:00,0,0
style.css,287,css,8a09741e,Avi Mehta,2025-02-08,18:05:27,-08:00,2025-02-08T18:05:27-08:00,0,0
style.css,288,css,8a09741e,Avi Mehta,2025-02-08,18:05:27,-08:00,2025-02-08T18:05:27-08:00,0,49
style.css,289,css,8a09741e,Avi Mehta,2025-02-08,18:05:27,-08:00,2025-02-08T18:05:27-08:00,0,14
style.css,290,css,8a09741e,Avi Mehta,2025-02-08,18:05:27,-08:00,2025-02-08T18:05:27-08:00,1,13
style.css,291,css,8a09741e,Avi Mehta,2025-02-08,18:05:27,-08:00,2025-02-08T18:05:27-08:00,1,15
style.css,292,css,8a09741e,Avi Mehta,2025-02-08,18:05:27,-08:00,2025-02-08T18:05:27-08:00,0,0
style.css,293,css,8a09741e,Avi Mehta,2025-02-08,18:05:27,-08:00,2025-02-08T18:05:27-08:00,0,0
style.css,294,css,8a09741e,Avi Mehta,2025-02-08,18:05:27,-08:00,2025-02-08T18:05:27-08:00,0,42
style.css,295,css,8a09741e,Avi Mehta,2025-02-08,18:05:27,-08:00,2025-02-08T18:05:27-08:00,0,7
style.css,296,css,8a09741e,Avi Mehta,2025-02-08,18:05:27,-08:00,2025-02-08T18:05:27-08:00,1,48
style.css,297,css,8a09741e,Avi Mehta,2025-02-08,18:05:27,-08:00,2025-02-08T18:05:27-08:00,1,12
style.css,298,css,8a09741e,Avi Mehta,2025-02-08,18:05:27,-08:00,2025-02-08T18:05:27-08:00,1,57
style.css,299,css,8a09741e,Avi Mehta,2025-02-08,18:05:27,-08:00,2025-02-08T18:05:27-08:00,1,8
style.css,300,css,8a09741e,Avi Mehta,2025-02-08,18:05:27,-08:00,2025-02-08T18:05:27-08:00,1,12
style.css,301,css,8a09741e,Avi Mehta,2025-02-08,18:05:27,-08:00,2025-02-08T18:05:27-08:00,1,15
style.css,302,css,8a09741e,Avi Mehta,2025-02-08,18:05:27,-08:00,2025-02-08T18:05:27-08:00,1,36
style.css,303,css,8a09741e,Avi Mehta,2025-02-08,18:05:27,-08:00,2025-02-08T18:05:27-08:00,1,17
style.css,304,css,8a09741e,Avi Mehta,2025-02-08,18:05:27,-08:00,2025-02-08T18:05:27-08:00,0,0
style.css,305,css,8a09741e,Avi Mehta,2025-02-08,18:05:27,-08:00,2025-02-08T18:05:27-08:00,0,0
style.css,306,css,baacdc42,Avi Mehta,2025-02-08,21:47:51,-08:00,2025-02-08T21:47:51-08:00,0,36
style.css,307,css,baacdc42,Avi Mehta,2025-02-08,21:47:51,-08:00,2025-02-08T21:47:51-08:00,1,11
style.css,308,css,baacdc42,Avi Mehta,2025-02-08,21:47:51,-08:00,2025-02-08T21:47:51-08:00,0,0
style.css,309,css,baacdc42,Avi Mehta,2025-02-08,21:47:51,-08:00,2025-02-08T21:47:51-08:00,0,0
style.css,310,css,baacdc42,Avi Mehta,2025-02-08,21:47:51,-08:00,2025-02-08T21:47:51-08:00,0,4
style.css,311,css,baacdc42,Avi Mehta,2025-02-08,21:47:51,-08:00,2025-02-08T21:47:51-08:00,1,16
style.css,312,css,baacdc42,Avi Mehta,2025-02-08,21:47:51,-08:00,2025-02-08T21:47:51-08:00,1,14
style.css,313,css,baacdc42,Avi Mehta,2025-02-08,21:47:51,-08:00,2025-02-08T21:47:51-08:00,0,0
style.css,314,css,baacdc42,Avi Mehta,2025-02-08,21:47:51,-08:00,2025-02-08T21:47:51-08:00,0,0
style.css,315,css,8f04532e,Avi Mehta,2025-02-08,20:18:42,-08:00,2025-02-08T20:18:42-08:00,0,9
style.css,316,css,8f04532e,Avi Mehta,2025-02-08,20:18:42,-08:00,2025-02-08T20:18:42-08:00,1,35
style.css,317,css,8f04532e,Avi Mehta,2025-02-08,20:18:42,-08:00,2025-02-08T20:18:42-08:00,0,0
style.css,318,css,8f04532e,Avi Mehta,2025-02-08,20:18:42,-08:00,2025-02-08T20:18:42-08:00,0,0
style.css,319,css,8f04532e,Avi Mehta,2025-02-08,20:18:42,-08:00,2025-02-08T20:18:42-08:00,0,18
style.css,320,css,8f04532e,Avi Mehta,2025-02-08,20:18:42,-08:00,2025-02-08T20:18:42-08:00,1,17
style.css,321,css,8f04532e,Avi Mehta,2025-02-08,20:18:42,-08:00,2025-02-08T20:18:42-08:00,0,0
style.css,322,css,8f04532e,Avi Mehta,2025-02-08,20:18:42,-08:00,2025-02-08T20:18:42-08:00,0,0
style.css,323,css,baacdc42,Avi Mehta,2025-02-08,21:47:51,-08:00,2025-02-08T21:47:51-08:00,0,9
style.css,324,css,baacdc42,Avi Mehta,2025-02-08,21:47:51,-08:00,2025-02-08T21:47:51-08:00,1,35
style.css,325,css,baacdc42,Avi Mehta,2025-02-08,21:47:51,-08:00,2025-02-08T21:47:51-08:00,0,0
style.css,326,css,baacdc42,Avi Mehta,2025-02-08,21:47:51,-08:00,2025-02-08T21:47:51-08:00,1,10
style.css,327,css,baacdc42,Avi Mehta,2025-02-08,21:47:51,-08:00,2025-02-08T21:47:51-08:00,2,17
style.css,328,css,baacdc42,Avi Mehta,2025-02-08,21:47:51,-08:00,2025-02-08T21:47:51-08:00,1,0
style.css,329,css,baacdc42,Avi Mehta,2025-02-08,21:47:51,-08:00,2025-02-08T21:47:51-08:00,0,0
style.css,330,css,baacdc42,Avi Mehta,2025-02-08,21:47:51,-08:00,2025-02-08T21:47:51-08:00,0,0
style.css,331,css,baacdc42,Avi Mehta,2025-02-08,21:47:51,-08:00,2025-02-08T21:47:51-08:00,0,21
style.css,332,css,baacdc42,Avi Mehta,2025-02-08,21:47:51,-08:00,2025-02-08T21:47:51-08:00,1,16
style.css,333,css,baacdc42,Avi Mehta,2025-02-08,21:47:51,-08:00,2025-02-08T21:47:51-08:00,1,25
style.css,334,css,baacdc42,Avi Mehta,2025-02-08,21:47:51,-08:00,2025-02-08T21:47:51-08:00,0,0
style.css,335,css,baacdc42,Avi Mehta,2025-02-08,21:47:51,-08:00,2025-02-08T21:47:51-08:00,0,0
style.css,336,css,baacdc42,Avi Mehta,2025-02-08,21:47:51,-08:00,2025-02-08T21:47:51-08:00,0,0
style.css,337,css,8f04532e,Avi Mehta,2025-02-08,20:18:42,-08:00,2025-02-08T20:18:42-08:00,0,0
style.css,338,css,8a09741e,Avi Mehta,2025-02-08,18:05:27,-08:00,2025-02-08T18:05:27-08:00,0,0
index.js,1,js,42389870,Avi Mehta,2025-01-31,23:29:17,-08:00,2025-01-31T23:29:17-08:00,0,54
index.js,2,js,42389870,Avi Mehta,2025-01-31,23:29:17,-08:00,2025-01-31T23:29:17-08:00,0,0
index.js,3,js,42389870,Avi Mehta,2025-01-31,23:29:17,-08:00,2025-01-31T23:29:17-08:00,0,26
index.js,4,js,42389870,Avi Mehta,2025-01-31,23:29:17,-08:00,2025-01-31T23:29:17-08:00,0,35
index.js,5,js,42389870,Avi Mehta,2025-01-31,23:29:17,-08:00,2025-01-31T23:29:17-08:00,2,54
index.js,6,js,42389870,Avi Mehta,2025-01-31,23:29:17,-08:00,2025-01-31T23:29:17-08:00,2,0
index.js,7,js,42389870,Avi Mehta,2025-01-31,23:29:17,-08:00,2025-01-31T23:29:17-08:00,2,39
index.js,8,js,42389870,Avi Mehta,2025-01-31,23:29:17,-08:00,2025-01-31T23:29:17-08:00,4,62
index.js,9,js,42389870,Avi Mehta,2025-01-31,23:29:17,-08:00,2025-01-31T23:29:17-08:00,4,5
index.js,10,js,42389870,Avi Mehta,2025-01-31,23:29:17,-08:00,2025-01-31T23:29:17-08:00,2,0
index.js,11,js,42389870,Avi Mehta,2025-01-31,23:29:17,-08:00,2025-01-31T23:29:17-08:00,0,0
index.js,12,js,42389870,Avi Mehta,2025-01-31,23:29:17,-08:00,2025-01-31T23:29:17-08:00,2,76
index.js,13,js,42389870,Avi Mehta,2025-01-31,23:29:17,-08:00,2025-01-31T23:29:17-08:00,0,0
index.js,14,js,42389870,Avi Mehta,2025-01-31,23:29:17,-08:00,2025-01-31T23:29:17-08:00,2,60
index.js,15,js,42389870,Avi Mehta,2025-01-31,23:29:17,-08:00,2025-01-31T23:29:17-08:00,0,0
index.js,16,js,42389870,Avi Mehta,2025-01-31,23:29:17,-08:00,2025-01-31T23:29:17-08:00,2,22
index.js,17,js,42389870,Avi Mehta,2025-01-31,23:29:17,-08:00,2025-01-31T23:29:17-08:00,4,54
index.js,18,js,42389870,Avi Mehta,2025-01-31,23:29:17,-08:00,2025-01-31T23:29:17-08:00,2,0
index.js,19,js,42389870,Avi Mehta,2025-01-31,23:29:17,-08:00,2025-01-31T23:29:17-08:00,0,0
index.js,20,js,42389870,Avi Mehta,2025-01-31,23:29:17,-08:00,2025-01-31T23:29:17-08:00,0,0
index.js,21,js,42389870,Avi Mehta,2025-01-31,23:29:17,-08:00,2025-01-31T23:29:17-08:00,0,34
index.js,22,js,42389870,Avi Mehta,2025-01-31,23:29:17,-08:00,2025-01-31T23:29:17-08:00,0,51
index.js,23,js,42389870,Avi Mehta,2025-01-31,23:29:17,-08:00,2025-01-31T23:29:17-08:00,2,19
index.js,24,js,42389870,Avi Mehta,2025-01-31,23:29:17,-08:00,2025-01-31T23:29:17-08:00,0,1
index.html,1,html,c1f8e213,avimehta30,2025-01-11,16:47:10,-08:00,2025-01-11T16:47:10-08:00,0,13
index.html,2,html,42389870,Avi Mehta,2025-01-31,23:29:17,-08:00,2025-01-31T23:29:17-08:00,0,14
index.html,3,html,c1f8e213,avimehta30,2025-01-11,16:47:10,-08:00,2025-01-11T16:47:10-08:00,0,4
index.html,4,html,31786e07,avimehta30,2025-01-17,04:26:52,-08:00,2025-01-17T04:26:52-08:00,2,20
index.html,5,html,31786e07,avimehta30,2025-01-17,04:26:52,-08:00,2025-01-17T04:26:52-08:00,2,68
index.html,6,html,6154efe1,avimehta30,2025-01-17,04:38:57,-08:00,2025-01-17T04:38:57-08:00,2,51
index.html,7,html,31786e07,avimehta30,2025-01-17,04:26:52,-08:00,2025-01-17T04:26:52-08:00,2,38
index.html,8,html,6154efe1,avimehta30,2025-01-17,04:38:57,-08:00,2025-01-17T04:38:57-08:00,0,5
index.html,9,html,31786e07,avimehta30,2025-01-17,04:26:52,-08:00,2025-01-17T04:26:52-08:00,0,4
index.html,10,html,31786e07,avimehta30,2025-01-17,04:26:52,-08:00,2025-01-17T04:26:52-08:00,2,16
index.html,11,html,6154efe1,avimehta30,2025-01-17,04:38:57,-08:00,2025-01-17T04:38:57-08:00,2,202
index.html,12,html,eded7995,avimehta30,2025-01-25,20:53:13,-08:00,2025-01-25T20:53:13-08:00,2,69
index.html,13,html,42389870,Avi Mehta,2025-01-31,23:29:17,-08:00,2025-01-31T23:29:17-08:00,0,0
index.html,14,html,42389870,Avi Mehta,2025-01-31,23:29:17,-08:00,2025-01-31T23:29:17-08:00,2,22
index.html,15,html,42389870,Avi Mehta,2025-01-31,23:29:17,-08:00,2025-01-31T23:29:17-08:00,2,20
index.html,16,html,42389870,Avi Mehta,2025-01-31,23:29:17,-08:00,2025-01-31T23:29:17-08:00,4,50
index.html,17,html,42389870,Avi Mehta,2025-01-31,23:29:17,-08:00,2025-01-31T23:29:17-08:00,2,4
index.html,18,html,42389870,Avi Mehta,2025-01-31,23:29:17,-08:00,2025-01-31T23:29:17-08:00,0,0
index.html,19,html,42389870,Avi Mehta,2025-01-31,23:29:17,-08:00,2025-01-31T23:29:17-08:00,2,22
index.html,20,html,42389870,Avi Mehta,2025-01-31,23:29:17,-08:00,2025-01-31T23:29:17-08:00,4,28
index.html,21,html,42389870,Avi Mehta,2025-01-31,23:29:17,-08:00,2025-01-31T23:29:17-08:00,2,4
index.html,22,html,42389870,Avi Mehta,2025-01-31,23:29:17,-08:00,2025-01-31T23:29:17-08:00,0,0
index.html,23,html,42389870,Avi Mehta,2025-01-31,23:29:17,-08:00,2025-01-31T23:29:17-08:00,2,45
index.html,24,html,42389870,Avi Mehta,2025-01-31,23:29:17,-08:00,2025-01-31T23:29:17-08:00,2,44
index.html,25,html,c1f8e213,avimehta30,2025-01-11,16:47:10,-08:00,2025-01-11T16:47:10-08:00,0,5
index.html,26,html,6154efe1,avimehta30,2025-01-17,04:38:57,-08:00,2025-01-17T04:38:57-08:00,0,5
global.js,1,js,42389870,Avi Mehta,2025-01-31,23:29:17,-08:00,2025-01-31T23:29:17-08:00,0,25
global.js,2,js,cbd4f830,avimehta30,2025-01-25,19:00:50,-08:00,2025-01-25T19:00:50-08:00,0,0
global.js,3,js,cbd4f830,avimehta30,2025-01-25,19:00:50,-08:00,2025-01-25T19:00:50-08:00,0,41
global.js,4,js,cbd4f830,avimehta30,2025-01-25,19:00:50,-08:00,2025-01-25T19:00:50-08:00,1,52
global.js,5,js,eded7995,avimehta30,2025-01-25,20:53:13,-08:00,2025-01-25T20:53:13-08:00,0,0
global.js,6,js,eded7995,avimehta30,2025-01-25,20:53:13,-08:00,2025-01-25T20:53:13-08:00,0,0
global.js,7,js,42389870,Avi Mehta,2025-01-31,23:29:17,-08:00,2025-01-31T23:29:17-08:00,0,34
global.js,8,js,eded7995,avimehta30,2025-01-25,20:53:13,-08:00,2025-01-25T20:53:13-08:00,0,13
global.js,9,js,1d83967a,Avi Mehta,2025-02-01,00:04:56,-08:00,2025-02-01T00:04:56-08:00,1,27
global.js,10,js,1d83967a,Avi Mehta,2025-02-01,00:04:56,-08:00,2025-02-01T00:04:56-08:00,1,50
global.js,11,js,1d83967a,Avi Mehta,2025-02-01,00:04:56,-08:00,2025-02-01T00:04:56-08:00,1,48
global.js,12,js,1d83967a,Avi Mehta,2025-02-01,00:04:56,-08:00,2025-02-01T00:04:56-08:00,1,46
global.js,13,js,00000000,Not Committed Yet,2025-02-14,15:35:36,-08:00,2025-02-14T15:35:36-08:00,1,42
global.js,14,js,42389870,Avi Mehta,2025-01-31,23:29:17,-08:00,2025-01-31T23:29:17-08:00,1,56
global.js,15,js,eded7995,avimehta30,2025-01-25,20:53:13,-08:00,2025-01-25T20:53:13-08:00,0,0
global.js,16,js,eded7995,avimehta30,2025-01-25,20:53:13,-08:00,2025-01-25T20:53:13-08:00,0,0
global.js,17,js,42389870,Avi Mehta,2025-01-31,23:29:17,-08:00,2025-01-31T23:29:17-08:00,0,40
global.js,18,js,eded7995,avimehta30,2025-01-25,20:53:13,-08:00,2025-01-25T20:53:13-08:00,0,25
global.js,19,js,eded7995,avimehta30,2025-01-25,20:53:13,-08:00,2025-01-25T20:53:13-08:00,0,0
global.js,20,js,4c189805,Avi Mehta,2025-02-01,00:06:43,-08:00,2025-02-01T00:06:43-08:00,0,70
global.js,21,js,1d83967a,Avi Mehta,2025-02-01,00:04:56,-08:00,2025-02-01T00:04:56-08:00,0,0
global.js,22,js,4c189805,Avi Mehta,2025-02-01,00:06:43,-08:00,2025-02-01T00:06:43-08:00,0,20
global.js,23,js,4c189805,Avi Mehta,2025-02-01,00:06:43,-08:00,2025-02-01T00:06:43-08:00,1,14
global.js,24,js,4c189805,Avi Mehta,2025-02-01,00:06:43,-08:00,2025-02-01T00:06:43-08:00,1,18
global.js,25,js,4c189805,Avi Mehta,2025-02-01,00:06:43,-08:00,2025-02-01T00:06:43-08:00,1,64
global.js,26,js,1d83967a,Avi Mehta,2025-02-01,00:04:56,-08:00,2025-02-01T00:04:56-08:00,0,0
global.js,27,js,4c189805,Avi Mehta,2025-02-01,00:06:43,-08:00,2025-02-01T00:06:43-08:00,1,34
global.js,28,js,4c189805,Avi Mehta,2025-02-01,00:06:43,-08:00,2025-02-01T00:06:43-08:00,1,11
global.js,29,js,4c189805,Avi Mehta,2025-02-01,00:06:43,-08:00,2025-02-01T00:06:43-08:00,1,20
global.js,30,js,4c189805,Avi Mehta,2025-02-01,00:06:43,-08:00,2025-02-01T00:06:43-08:00,1,17
global.js,31,js,4c189805,Avi Mehta,2025-02-01,00:06:43,-08:00,2025-02-01T00:06:43-08:00,2,8
global.js,32,js,4c189805,Avi Mehta,2025-02-01,00:06:43,-08:00,2025-02-01T00:06:43-08:00,2,58
global.js,33,js,4c189805,Avi Mehta,2025-02-01,00:06:43,-08:00,2025-02-01T00:06:43-08:00,1,0
global.js,34,js,4c189805,Avi Mehta,2025-02-01,00:06:43,-08:00,2025-02-01T00:06:43-08:00,1,52
global.js,35,js,4c189805,Avi Mehta,2025-02-01,00:06:43,-08:00,2025-02-01T00:06:43-08:00,1,50
global.js,36,js,4c189805,Avi Mehta,2025-02-01,00:06:43,-08:00,2025-02-01T00:06:43-08:00,0,0
global.js,37,js,4c189805,Avi Mehta,2025-02-01,00:06:43,-08:00,2025-02-01T00:06:43-08:00,1,12
global.js,38,js,eded7995,avimehta30,2025-01-25,20:53:13,-08:00,2025-01-25T20:53:13-08:00,0,0
global.js,39,js,eded7995,avimehta30,2025-01-25,20:53:13,-08:00,2025-01-25T20:53:13-08:00,0,0
global.js,40,js,42389870,Avi Mehta,2025-01-31,23:29:17,-08:00,2025-01-31T23:29:17-08:00,0,24
global.js,41,js,42389870,Avi Mehta,2025-01-31,23:29:17,-08:00,2025-01-31T23:29:17-08:00,0,36
global.js,42,js,42389870,Avi Mehta,2025-01-31,23:29:17,-08:00,2025-01-31T23:29:17-08:00,2,3
global.js,43,js,42389870,Avi Mehta,2025-01-31,23:29:17,-08:00,2025-01-31T23:29:17-08:00,4,40
global.js,44,js,42389870,Avi Mehta,2025-01-31,23:29:17,-08:00,2025-01-31T23:29:17-08:00,4,32
global.js,45,js,42389870,Avi Mehta,2025-01-31,23:29:17,-08:00,2025-01-31T23:29:17-08:00,4,17
global.js,46,js,42389870,Avi Mehta,2025-01-31,23:29:17,-08:00,2025-01-31T23:29:17-08:00,6,91
global.js,47,js,42389870,Avi Mehta,2025-01-31,23:29:17,-08:00,2025-01-31T23:29:17-08:00,4,0
global.js,48,js,42389870,Avi Mehta,2025-01-31,23:29:17,-08:00,2025-01-31T23:29:17-08:00,4,33
global.js,49,js,42389870,Avi Mehta,2025-01-31,23:29:17,-08:00,2025-01-31T23:29:17-08:00,4,33
global.js,50,js,42389870,Avi Mehta,2025-01-31,23:29:17,-08:00,2025-01-31T23:29:17-08:00,4,10
global.js,51,js,42389870,Avi Mehta,2025-01-31,23:29:17,-08:00,2025-01-31T23:29:17-08:00,2,15
global.js,52,js,42389870,Avi Mehta,2025-01-31,23:29:17,-08:00,2025-01-31T23:29:17-08:00,4,43
global.js,53,js,42389870,Avi Mehta,2025-01-31,23:29:17,-08:00,2025-01-31T23:29:17-08:00,4,10
global.js,54,js,42389870,Avi Mehta,2025-01-31,23:29:17,-08:00,2025-01-31T23:29:17-08:00,2,0
global.js,55,js,42389870,Avi Mehta,2025-01-31,23:29:17,-08:00,2025-01-31T23:29:17-08:00,0,0
global.js,56,js,42389870,Avi Mehta,2025-01-31,23:29:17,-08:00,2025-01-31T23:29:17-08:00,0,0
global.js,57,js,42389870,Avi Mehta,2025-01-31,23:29:17,-08:00,2025-01-31T23:29:17-08:00,0,26
global.js,58,js,42389870,Avi Mehta,2025-01-31,23:29:17,-08:00,2025-01-31T23:29:17-08:00,0,47
global.js,59,js,42389870,Avi Mehta,2025-01-31,23:29:17,-08:00,2025-01-31T23:29:17-08:00,2,59
global.js,60,js,42389870,Avi Mehta,2025-01-31,23:29:17,-08:00,2025-01-31T23:29:17-08:00,0,0
global.js,61,js,42389870,Avi Mehta,2025-01-31,23:29:17,-08:00,2025-01-31T23:29:17-08:00,0,0
global.js,62,js,42389870,Avi Mehta,2025-01-31,23:29:17,-08:00,2025-01-31T23:29:17-08:00,0,36
global.js,63,js,42389870,Avi Mehta,2025-01-31,23:29:17,-08:00,2025-01-31T23:29:17-08:00,0,79
global.js,64,js,c3c3688f,Avi Mehta,2025-02-07,00:32:12,-08:00,2025-02-07T00:32:12-08:00,1,22
global.js,65,js,c3c3688f,Avi Mehta,2025-02-07,00:32:12,-08:00,2025-02-07T00:32:12-08:00,3,61
global.js,66,js,c3c3688f,Avi Mehta,2025-02-07,00:32:12,-08:00,2025-02-07T00:32:12-08:00,3,5
global.js,67,js,c3c3688f,Avi Mehta,2025-02-07,00:32:12,-08:00,2025-02-07T00:32:12-08:00,1,0
global.js,68,js,c3c3688f,Avi Mehta,2025-02-07,00:32:12,-08:00,2025-02-07T00:32:12-08:00,1,0
global.js,69,js,c3c3688f,Avi Mehta,2025-02-07,00:32:12,-08:00,2025-02-07T00:32:12-08:00,1,56
global.js,70,js,c3c3688f,Avi Mehta,2025-02-07,00:32:12,-08:00,2025-02-07T00:32:12-08:00,0,0
global.js,71,js,c3c3688f,Avi Mehta,2025-02-07,00:32:12,-08:00,2025-02-07T00:32:12-08:00,1,27
global.js,72,js,c3c3688f,Avi Mehta,2025-02-07,00:32:12,-08:00,2025-02-07T00:32:12-08:00,3,48
global.js,73,js,c3c3688f,Avi Mehta,2025-02-07,00:32:12,-08:00,2025-02-07T00:32:12-08:00,0,0
global.js,74,js,c3c3688f,Avi Mehta,2025-02-07,00:32:12,-08:00,2025-02-07T00:32:12-08:00,3,25
global.js,75,js,c3c3688f,Avi Mehta,2025-02-07,00:32:12,-08:00,2025-02-07T00:32:12-08:00,3,54
global.js,76,js,c3c3688f,Avi Mehta,2025-02-07,00:32:12,-08:00,2025-02-07T00:32:12-08:00,3,59
global.js,77,js,c3c3688f,Avi Mehta,2025-02-07,00:32:12,-08:00,2025-02-07T00:32:12-08:00,0,0
global.js,78,js,c3c3688f,Avi Mehta,2025-02-07,00:32:12,-08:00,2025-02-07T00:32:12-08:00,3,25
global.js,79,js,c3c3688f,Avi Mehta,2025-02-07,00:32:12,-08:00,2025-02-07T00:32:12-08:00,3,42
global.js,80,js,c3c3688f,Avi Mehta,2025-02-07,00:32:12,-08:00,2025-02-07T00:32:12-08:00,3,61
global.js,81,js,c3c3688f,Avi Mehta,2025-02-07,00:32:12,-08:00,2025-02-07T00:32:12-08:00,3,43
global.js,82,js,c3c3688f,Avi Mehta,2025-02-07,00:32:12,-08:00,2025-02-07T00:32:12-08:00,0,0
global.js,83,js,c3c3688f,Avi Mehta,2025-02-07,00:32:12,-08:00,2025-02-07T00:32:12-08:00,3,33
global.js,84,js,c3c3688f,Avi Mehta,2025-02-07,00:32:12,-08:00,2025-02-07T00:32:12-08:00,3,48
global.js,85,js,c3c3688f,Avi Mehta,2025-02-07,00:32:12,-08:00,2025-02-07T00:32:12-08:00,3,40
global.js,86,js,c3c3688f,Avi Mehta,2025-02-07,00:32:12,-08:00,2025-02-07T00:32:12-08:00,0,0
global.js,87,js,c3c3688f,Avi Mehta,2025-02-07,00:32:12,-08:00,2025-02-07T00:32:12-08:00,3,31
global.js,88,js,c3c3688f,Avi Mehta,2025-02-07,00:32:12,-08:00,2025-02-07T00:32:12-08:00,3,46
global.js,89,js,c3c3688f,Avi Mehta,2025-02-07,00:32:12,-08:00,2025-02-07T00:32:12-08:00,3,75
global.js,90,js,c3c3688f,Avi Mehta,2025-02-07,00:32:12,-08:00,2025-02-07T00:32:12-08:00,0,0
global.js,91,js,c3c3688f,Avi Mehta,2025-02-07,00:32:12,-08:00,2025-02-07T00:32:12-08:00,3,24
global.js,92,js,c3c3688f,Avi Mehta,2025-02-07,00:32:12,-08:00,2025-02-07T00:32:12-08:00,3,39
global.js,93,js,c3c3688f,Avi Mehta,2025-02-07,00:32:12,-08:00,2025-02-07T00:32:12-08:00,3,50
global.js,94,js,c3c3688f,Avi Mehta,2025-02-07,00:32:12,-08:00,2025-02-07T00:32:12-08:00,3,33
global.js,95,js,c3c3688f,Avi Mehta,2025-02-07,00:32:12,-08:00,2025-02-07T00:32:12-08:00,0,0
global.js,96,js,c3c3688f,Avi Mehta,2025-02-07,00:32:12,-08:00,2025-02-07T00:32:12-08:00,3,16
global.js,97,js,c3c3688f,Avi Mehta,2025-02-07,00:32:12,-08:00,2025-02-07T00:32:12-08:00,3,35
global.js,98,js,c3c3688f,Avi Mehta,2025-02-07,00:32:12,-08:00,2025-02-07T00:32:12-08:00,3,28
global.js,99,js,c3c3688f,Avi Mehta,2025-02-07,00:32:12,-08:00,2025-02-07T00:32:12-08:00,3,30
global.js,100,js,c3c3688f,Avi Mehta,2025-02-07,00:32:12,-08:00,2025-02-07T00:32:12-08:00,3,25
global.js,101,js,c3c3688f,Avi Mehta,2025-02-07,00:32:12,-08:00,2025-02-07T00:32:12-08:00,3,31
global.js,102,js,c3c3688f,Avi Mehta,2025-02-07,00:32:12,-08:00,2025-02-07T00:32:12-08:00,3,36
global.js,103,js,c3c3688f,Avi Mehta,2025-02-07,00:32:12,-08:00,2025-02-07T00:32:12-08:00,1,1
global.js,104,js,42389870,Avi Mehta,2025-01-31,23:29:17,-08:00,2025-01-31T23:29:17-08:00,0,0
global.js,105,js,42389870,Avi Mehta,2025-01-31,23:29:17,-08:00,2025-01-31T23:29:17-08:00,0,0
global.js,106,js,c3c3688f,Avi Mehta,2025-02-07,00:32:12,-08:00,2025-02-07T00:32:12-08:00,0,0
global.js,107,js,42389870,Avi Mehta,2025-01-31,23:29:17,-08:00,2025-01-31T23:29:17-08:00,0,43
global.js,108,js,42389870,Avi Mehta,2025-01-31,23:29:17,-08:00,2025-01-31T23:29:17-08:00,0,29
global.js,109,js,42389870,Avi Mehta,2025-01-31,23:29:17,-08:00,2025-01-31T23:29:17-08:00,2,60
global.js,110,js,42389870,Avi Mehta,2025-01-31,23:29:17,-08:00,2025-01-31T23:29:17-08:00,2,29
global.js,111,js,42389870,Avi Mehta,2025-01-31,23:29:17,-08:00,2025-01-31T23:29:17-08:00,2,55
global.js,112,js,42389870,Avi Mehta,2025-01-31,23:29:17,-08:00,2025-01-31T23:29:17-08:00,2,14
global.js,113,js,42389870,Avi Mehta,2025-01-31,23:29:17,-08:00,2025-01-31T23:29:17-08:00,4,62
global.js,114,js,42389870,Avi Mehta,2025-01-31,23:29:17,-08:00,2025-01-31T23:29:17-08:00,4,5
global.js,115,js,42389870,Avi Mehta,2025-01-31,23:29:17,-08:00,2025-01-31T23:29:17-08:00,2,0
global.js,116,js,42389870,Avi Mehta,2025-01-31,23:29:17,-08:00,2025-01-31T23:29:17-08:00,2,42
global.js,117,js,42389870,Avi Mehta,2025-01-31,23:29:17,-08:00,2025-01-31T23:29:17-08:00,0,0
global.js,118,js,42389870,Avi Mehta,2025-01-31,23:29:17,-08:00,2025-01-31T23:29:17-08:00,0,0
global.js,119,js,42389870,Avi Mehta,2025-01-31,23:29:17,-08:00,2025-01-31T23:29:17-08:00,0,51
global.js,120,js,42389870,Avi Mehta,2025-01-31,23:29:17,-08:00,2025-01-31T23:29:17-08:00,2,13
global.js,121,js,42389870,Avi Mehta,2025-01-31,23:29:17,-08:00,2025-01-31T23:29:17-08:00,2,16
global.js,122,js,42389870,Avi Mehta,2025-01-31,23:29:17,-08:00,2025-01-31T23:29:17-08:00,0,1
global.js,123,js,42389870,Avi Mehta,2025-01-31,23:29:17,-08:00,2025-01-31T23:29:17-08:00,0,0
global.js,124,js,42389870,Avi Mehta,2025-01-31,23:29:17,-08:00,2025-01-31T23:29:17-08:00,0,26
global.js,125,js,42389870,Avi Mehta,2025-01-31,23:29:17,-08:00,2025-01-31T23:29:17-08:00,0,32
global.js,126,js,42389870,Avi Mehta,2025-01-31,23:29:17,-08:00,2025-01-31T23:29:17-08:00,2,60
global.js,127,js,42389870,Avi Mehta,2025-01-31,23:29:17,-08:00,2025-01-31T23:29:17-08:00,2,24
global.js,128,js,42389870,Avi Mehta,2025-01-31,23:29:17,-08:00,2025-01-31T23:29:17-08:00,0,0
global.js,129,js,42389870,Avi Mehta,2025-01-31,23:29:17,-08:00,2025-01-31T23:29:17-08:00,2,53
global.js,130,js,42389870,Avi Mehta,2025-01-31,23:29:17,-08:00,2025-01-31T23:29:17-08:00,2,16
global.js,131,js,42389870,Avi Mehta,2025-01-31,23:29:17,-08:00,2025-01-31T23:29:17-08:00,4,61
global.js,132,js,42389870,Avi Mehta,2025-01-31,23:29:17,-08:00,2025-01-31T23:29:17-08:00,4,5
global.js,133,js,42389870,Avi Mehta,2025-01-31,23:29:17,-08:00,2025-01-31T23:29:17-08:00,2,0
global.js,134,js,42389870,Avi Mehta,2025-01-31,23:29:17,-08:00,2025-01-31T23:29:17-08:00,2,24
global.js,135,js,42389870,Avi Mehta,2025-01-31,23:29:17,-08:00,2025-01-31T23:29:17-08:00,4,22
global.js,136,js,42389870,Avi Mehta,2025-01-31,23:29:17,-08:00,2025-01-31T23:29:17-08:00,4,23
global.js,137,js,42389870,Avi Mehta,2025-01-31,23:29:17,-08:00,2025-01-31T23:29:17-08:00,5,48
global.js,138,js,42389870,Avi Mehta,2025-01-31,23:29:17,-08:00,2025-01-31T23:29:17-08:00,5,48
global.js,139,js,42389870,Avi Mehta,2025-01-31,23:29:17,-08:00,2025-01-31T23:29:17-08:00,5,54
global.js,140,js,42389870,Avi Mehta,2025-01-31,23:29:17,-08:00,2025-01-31T23:29:17-08:00,5,54
global.js,141,js,42389870,Avi Mehta,2025-01-31,23:29:17,-08:00,2025-01-31T23:29:17-08:00,4,3
global.js,142,js,42389870,Avi Mehta,2025-01-31,23:29:17,-08:00,2025-01-31T23:29:17-08:00,2,0
global.js,143,js,42389870,Avi Mehta,2025-01-31,23:29:17,-08:00,2025-01-31T23:29:17-08:00,0,0
global.js,144,js,42389870,Avi Mehta,2025-01-31,23:29:17,-08:00,2025-01-31T23:29:17-08:00,0,0
global.js,145,js,42389870,Avi Mehta,2025-01-31,23:29:17,-08:00,2025-01-31T23:29:17-08:00,0,25
global.js,146,js,eded7995,avimehta30,2025-01-25,20:53:13,-08:00,2025-01-25T20:53:13-08:00,0,21
global.js,147,js,eded7995,avimehta30,2025-01-25,20:53:13,-08:00,2025-01-25T20:53:13-08:00,1,26
global.js,148,js,eded7995,avimehta30,2025-01-25,20:53:13,-08:00,2025-01-25T20:53:13-08:00,2,4
global.js,149,js,eded7995,avimehta30,2025-01-25,20:53:13,-08:00,2025-01-25T20:53:13-08:00,2,6
global.js,150,js,eded7995,avimehta30,2025-01-25,20:53:13,-08:00,2025-01-25T20:53:13-08:00,3,43
global.js,151,js,eded7995,avimehta30,2025-01-25,20:53:13,-08:00,2025-01-25T20:53:13-08:00,3,34
global.js,152,js,eded7995,avimehta30,2025-01-25,20:53:13,-08:00,2025-01-25T20:53:13-08:00,3,32
global.js,153,js,eded7995,avimehta30,2025-01-25,20:53:13,-08:00,2025-01-25T20:53:13-08:00,2,7
global.js,154,js,eded7995,avimehta30,2025-01-25,20:53:13,-08:00,2025-01-25T20:53:13-08:00,1,6
global.js,155,js,eded7995,avimehta30,2025-01-25,20:53:13,-08:00,2025-01-25T20:53:13-08:00,0,0
global.js,156,js,42389870,Avi Mehta,2025-01-31,23:29:17,-08:00,2025-01-31T23:29:17-08:00,0,60
global.js,157,js,eded7995,avimehta30,2025-01-25,20:53:13,-08:00,2025-01-25T20:53:13-08:00,0,0
global.js,158,js,42389870,Avi Mehta,2025-01-31,23:29:17,-08:00,2025-01-31T23:29:17-08:00,0,60
global.js,159,js,eded7995,avimehta30,2025-01-25,20:53:13,-08:00,2025-01-25T20:53:13-08:00,0,34
global.js,160,js,eded7995,avimehta30,2025-01-25,20:53:13,-08:00,2025-01-25T20:53:13-08:00,1,43
global.js,161,js,42389870,Avi Mehta,2025-01-31,23:29:17,-08:00,2025-01-31T23:29:17-08:00,1,70
global.js,162,js,eded7995,avimehta30,2025-01-25,20:53:13,-08:00,2025-01-25T20:53:13-08:00,1,25
global.js,163,js,eded7995,avimehta30,2025-01-25,20:53:13,-08:00,2025-01-25T20:53:13-08:00,0,0
global.js,164,js,42389870,Avi Mehta,2025-01-31,23:29:17,-08:00,2025-01-31T23:29:17-08:00,0,43
global.js,165,js,eded7995,avimehta30,2025-01-25,20:53:13,-08:00,2025-01-25T20:53:13-08:00,1,31
global.js,166,js,42389870,Avi Mehta,2025-01-31,23:29:17,-08:00,2025-01-31T23:29:17-08:00,1,64
global.js,167,js,eded7995,avimehta30,2025-01-25,20:53:13,-08:00,2025-01-25T20:53:13-08:00,1,31
global.js,168,js,42389870,Avi Mehta,2025-01-31,23:29:17,-08:00,2025-01-31T23:29:17-08:00,0,1
resume/index.html,1,html,fb3afe6f,avimehta30,2025-01-11,19:04:03,-08:00,2025-01-11T19:04:03-08:00,0,13
resume/index.html,2,html,fb3afe6f,avimehta30,2025-01-11,19:04:03,-08:00,2025-01-11T19:04:03-08:00,0,14
resume/index.html,3,html,fb3afe6f,avimehta30,2025-01-11,19:04:03,-08:00,2025-01-11T19:04:03-08:00,0,4
resume/index.html,4,html,fb3afe6f,avimehta30,2025-01-11,19:04:03,-08:00,2025-01-11T19:04:03-08:00,2,20
resume/index.html,5,html,fb3afe6f,avimehta30,2025-01-11,19:04:03,-08:00,2025-01-11T19:04:03-08:00,2,68
resume/index.html,6,html,fb3afe6f,avimehta30,2025-01-11,19:04:03,-08:00,2025-01-11T19:04:03-08:00,2,19
resume/index.html,7,html,eded7995,avimehta30,2025-01-25,20:53:13,-08:00,2025-01-25T20:53:13-08:00,2,41
resume/index.html,8,html,eded7995,avimehta30,2025-01-25,20:53:13,-08:00,2025-01-25T20:53:13-08:00,2,48
resume/index.html,9,html,fb3afe6f,avimehta30,2025-01-11,19:04:03,-08:00,2025-01-11T19:04:03-08:00,0,5
resume/index.html,10,html,fb3afe6f,avimehta30,2025-01-11,19:04:03,-08:00,2025-01-11T19:04:03-08:00,0,4
resume/index.html,11,html,eded7995,avimehta30,2025-01-25,20:53:13,-08:00,2025-01-25T20:53:13-08:00,2,16
resume/index.html,12,html,fb3afe6f,avimehta30,2025-01-11,19:04:03,-08:00,2025-01-11T19:04:03-08:00,0,0
resume/index.html,13,html,eded7995,avimehta30,2025-01-25,20:53:13,-08:00,2025-01-25T20:53:13-08:00,2,30
resume/index.html,14,html,eded7995,avimehta30,2025-01-25,20:53:13,-08:00,2025-01-25T20:53:13-08:00,4,16
resume/index.html,15,html,eded7995,avimehta30,2025-01-25,20:53:13,-08:00,2025-01-25T20:53:13-08:00,4,98
resume/index.html,16,html,eded7995,avimehta30,2025-01-25,20:53:13,-08:00,2025-01-25T20:53:13-08:00,4,95
resume/index.html,17,html,eded7995,avimehta30,2025-01-25,20:53:13,-08:00,2025-01-25T20:53:13-08:00,2,8
resume/index.html,18,html,fb3afe6f,avimehta30,2025-01-11,19:04:03,-08:00,2025-01-11T19:04:03-08:00,0,5
resume/index.html,19,html,fb3afe6f,avimehta30,2025-01-11,19:04:03,-08:00,2025-01-11T19:04:03-08:00,0,5
projects/projects.js,1,js,5adf4450,Avi Mehta,2025-02-08,17:34:23,-08:00,2025-02-08T17:34:23-08:00,0,63
projects/projects.js,2,js,42389870,Avi Mehta,2025-01-31,23:29:17,-08:00,2025-01-31T23:29:17-08:00,0,55
projects/projects.js,3,js,5adf4450,Avi Mehta,2025-02-08,17:34:23,-08:00,2025-02-08T17:34:23-08:00,0,0
projects/projects.js,4,js,627e868c,Avi Mehta,2025-02-08,22:33:24,-08:00,2025-02-08T22:33:24-08:00,0,21
projects/projects.js,5,js,627e868c,Avi Mehta,2025-02-08,22:33:24,-08:00,2025-02-08T22:33:24-08:00,0,16
projects/projects.js,6,js,baacdc42,Avi Mehta,2025-02-08,21:47:51,-08:00,2025-02-08T21:47:51-08:00,0,0
projects/projects.js,7,js,42389870,Avi Mehta,2025-01-31,23:29:17,-08:00,2025-01-31T23:29:17-08:00,0,29
projects/projects.js,8,js,627e868c,Avi Mehta,2025-02-08,22:33:24,-08:00,2025-02-08T22:33:24-08:00,2,49
projects/projects.js,9,js,42389870,Avi Mehta,2025-01-31,23:29:17,-08:00,2025-01-31T23:29:17-08:00,0,0
projects/projects.js,10,js,42389870,Avi Mehta,2025-01-31,23:29:17,-08:00,2025-01-31T23:29:17-08:00,2,60
projects/projects.js,11,js,8f04532e,Avi Mehta,2025-02-08,20:18:42,-08:00,2025-02-08T20:18:42-08:00,2,62
projects/projects.js,12,js,8f04532e,Avi Mehta,2025-02-08,20:18:42,-08:00,2025-02-08T20:18:42-08:00,2,55
projects/projects.js,13,js,42389870,Avi Mehta,2025-01-31,23:29:17,-08:00,2025-01-31T23:29:17-08:00,0,0
projects/projects.js,14,js,42389870,Avi Mehta,2025-01-31,23:29:17,-08:00,2025-01-31T23:29:17-08:00,2,23
projects/projects.js,15,js,42389870,Avi Mehta,2025-01-31,23:29:17,-08:00,2025-01-31T23:29:17-08:00,4,65
projects/projects.js,16,js,42389870,Avi Mehta,2025-01-31,23:29:17,-08:00,2025-01-31T23:29:17-08:00,4,5
projects/projects.js,17,js,42389870,Avi Mehta,2025-01-31,23:29:17,-08:00,2025-01-31T23:29:17-08:00,2,0
projects/projects.js,18,js,42389870,Avi Mehta,2025-01-31,23:29:17,-08:00,2025-01-31T23:29:17-08:00,0,0
projects/projects.js,19,js,42389870,Avi Mehta,2025-01-31,23:29:17,-08:00,2025-01-31T23:29:17-08:00,2,39
projects/projects.js,20,js,42389870,Avi Mehta,2025-01-31,23:29:17,-08:00,2025-01-31T23:29:17-08:00,4,74
projects/projects.js,21,js,42389870,Avi Mehta,2025-01-31,23:29:17,-08:00,2025-01-31T23:29:17-08:00,4,18
projects/projects.js,22,js,42389870,Avi Mehta,2025-01-31,23:29:17,-08:00,2025-01-31T23:29:17-08:00,6,50
projects/projects.js,23,js,42389870,Avi Mehta,2025-01-31,23:29:17,-08:00,2025-01-31T23:29:17-08:00,4,0
projects/projects.js,24,js,42389870,Avi Mehta,2025-01-31,23:29:17,-08:00,2025-01-31T23:29:17-08:00,4,5
projects/projects.js,25,js,42389870,Avi Mehta,2025-01-31,23:29:17,-08:00,2025-01-31T23:29:17-08:00,2,0
projects/projects.js,26,js,42389870,Avi Mehta,2025-01-31,23:29:17,-08:00,2025-01-31T23:29:17-08:00,0,0
projects/projects.js,27,js,42389870,Avi Mehta,2025-01-31,23:29:17,-08:00,2025-01-31T23:29:17-08:00,2,18
projects/projects.js,28,js,42389870,Avi Mehta,2025-01-31,23:29:17,-08:00,2025-01-31T23:29:17-08:00,4,56
projects/projects.js,29,js,42389870,Avi Mehta,2025-01-31,23:29:17,-08:00,2025-01-31T23:29:17-08:00,2,0
projects/projects.js,30,js,42389870,Avi Mehta,2025-01-31,23:29:17,-08:00,2025-01-31T23:29:17-08:00,0,0
projects/projects.js,31,js,42389870,Avi Mehta,2025-01-31,23:29:17,-08:00,2025-01-31T23:29:17-08:00,2,48
projects/projects.js,32,js,627e868c,Avi Mehta,2025-02-08,22:33:24,-08:00,2025-02-08T22:33:24-08:00,2,23
projects/projects.js,33,js,8f04532e,Avi Mehta,2025-02-08,20:18:42,-08:00,2025-02-08T20:18:42-08:00,0,0
projects/projects.js,34,js,627e868c,Avi Mehta,2025-02-08,22:33:24,-08:00,2025-02-08T22:33:24-08:00,2,43
projects/projects.js,35,js,627e868c,Avi Mehta,2025-02-08,22:33:24,-08:00,2025-02-08T22:33:24-08:00,4,30
projects/projects.js,36,js,8f04532e,Avi Mehta,2025-02-08,20:18:42,-08:00,2025-02-08T20:18:42-08:00,2,1
projects/projects.js,37,js,8f04532e,Avi Mehta,2025-02-08,20:18:42,-08:00,2025-02-08T20:18:42-08:00,0,0
projects/projects.js,38,js,8f04532e,Avi Mehta,2025-02-08,20:18:42,-08:00,2025-02-08T20:18:42-08:00,0,0
projects/projects.js,39,js,8f04532e,Avi Mehta,2025-02-08,20:18:42,-08:00,2025-02-08T20:18:42-08:00,0,38
projects/projects.js,40,js,8f04532e,Avi Mehta,2025-02-08,20:18:42,-08:00,2025-02-08T20:18:42-08:00,2,36
projects/projects.js,41,js,627e868c,Avi Mehta,2025-02-08,22:33:24,-08:00,2025-02-08T22:33:24-08:00,2,26
projects/projects.js,42,js,8f04532e,Avi Mehta,2025-02-08,20:18:42,-08:00,2025-02-08T20:18:42-08:00,0,0
projects/projects.js,43,js,8f04532e,Avi Mehta,2025-02-08,20:18:42,-08:00,2025-02-08T20:18:42-08:00,2,32
projects/projects.js,44,js,627e868c,Avi Mehta,2025-02-08,22:33:24,-08:00,2025-02-08T22:33:24-08:00,2,14
projects/projects.js,45,js,8f04532e,Avi Mehta,2025-02-08,20:18:42,-08:00,2025-02-08T20:18:42-08:00,0,0
projects/projects.js,46,js,8f04532e,Avi Mehta,2025-02-08,20:18:42,-08:00,2025-02-08T20:18:42-08:00,2,26
projects/projects.js,47,js,8f04532e,Avi Mehta,2025-02-08,20:18:42,-08:00,2025-02-08T20:18:42-08:00,4,12
projects/projects.js,48,js,8f04532e,Avi Mehta,2025-02-08,20:18:42,-08:00,2025-02-08T20:18:42-08:00,4,14
projects/projects.js,49,js,8f04532e,Avi Mehta,2025-02-08,20:18:42,-08:00,2025-02-08T20:18:42-08:00,4,11
projects/projects.js,50,js,8f04532e,Avi Mehta,2025-02-08,20:18:42,-08:00,2025-02-08T20:18:42-08:00,2,0
projects/projects.js,51,js,8f04532e,Avi Mehta,2025-02-08,20:18:42,-08:00,2025-02-08T20:18:42-08:00,0,0
projects/projects.js,52,js,8f04532e,Avi Mehta,2025-02-08,20:18:42,-08:00,2025-02-08T20:18:42-08:00,2,45
projects/projects.js,53,js,8f04532e,Avi Mehta,2025-02-08,20:18:42,-08:00,2025-02-08T20:18:42-08:00,4,11
projects/projects.js,54,js,8f04532e,Avi Mehta,2025-02-08,20:18:42,-08:00,2025-02-08T20:18:42-08:00,4,9
projects/projects.js,55,js,8f04532e,Avi Mehta,2025-02-08,20:18:42,-08:00,2025-02-08T20:18:42-08:00,2,2
projects/projects.js,56,js,8f04532e,Avi Mehta,2025-02-08,20:18:42,-08:00,2025-02-08T20:18:42-08:00,0,0
projects/projects.js,57,js,627e868c,Avi Mehta,2025-02-08,22:33:24,-08:00,2025-02-08T22:33:24-08:00,2,28
projects/projects.js,58,js,8f04532e,Avi Mehta,2025-02-08,20:18:42,-08:00,2025-02-08T20:18:42-08:00,0,0
projects/projects.js,59,js,8f04532e,Avi Mehta,2025-02-08,20:18:42,-08:00,2025-02-08T20:18:42-08:00,2,66
projects/projects.js,60,js,8f04532e,Avi Mehta,2025-02-08,20:18:42,-08:00,2025-02-08T20:18:42-08:00,2,47
projects/projects.js,61,js,8f04532e,Avi Mehta,2025-02-08,20:18:42,-08:00,2025-02-08T20:18:42-08:00,0,0
projects/projects.js,62,js,8f04532e,Avi Mehta,2025-02-08,20:18:42,-08:00,2025-02-08T20:18:42-08:00,2,50
projects/projects.js,63,js,8f04532e,Avi Mehta,2025-02-08,20:18:42,-08:00,2025-02-08T20:18:42-08:00,2,33
projects/projects.js,64,js,8f04532e,Avi Mehta,2025-02-08,20:18:42,-08:00,2025-02-08T20:18:42-08:00,2,61
projects/projects.js,65,js,8f04532e,Avi Mehta,2025-02-08,20:18:42,-08:00,2025-02-08T20:18:42-08:00,0,0
projects/projects.js,66,js,8f04532e,Avi Mehta,2025-02-08,20:18:42,-08:00,2025-02-08T20:18:42-08:00,2,46
projects/projects.js,67,js,8f04532e,Avi Mehta,2025-02-08,20:18:42,-08:00,2025-02-08T20:18:42-08:00,4,10
projects/projects.js,68,js,627e868c,Avi Mehta,2025-02-08,22:33:24,-08:00,2025-02-08T22:33:24-08:00,4,35
projects/projects.js,69,js,8f04532e,Avi Mehta,2025-02-08,20:18:42,-08:00,2025-02-08T20:18:42-08:00,0,0
projects/projects.js,70,js,627e868c,Avi Mehta,2025-02-08,22:33:24,-08:00,2025-02-08T22:33:24-08:00,2,17
projects/projects.js,71,js,8f04532e,Avi Mehta,2025-02-08,20:18:42,-08:00,2025-02-08T20:18:42-08:00,4,12
projects/projects.js,72,js,8f04532e,Avi Mehta,2025-02-08,20:18:42,-08:00,2025-02-08T20:18:42-08:00,4,6
projects/projects.js,73,js,8f04532e,Avi Mehta,2025-02-08,20:18:42,-08:00,2025-02-08T20:18:42-08:00,4,13
projects/projects.js,74,js,8f04532e,Avi Mehta,2025-02-08,20:18:42,-08:00,2025-02-08T20:18:42-08:00,4,22
projects/projects.js,75,js,8f04532e,Avi Mehta,2025-02-08,20:18:42,-08:00,2025-02-08T20:18:42-08:00,4,32
projects/projects.js,76,js,8f04532e,Avi Mehta,2025-02-08,20:18:42,-08:00,2025-02-08T20:18:42-08:00,4,22
projects/projects.js,77,js,6cef1315,Avi Mehta,2025-02-08,21:38:01,-08:00,2025-02-08T21:38:01-08:00,4,22
projects/projects.js,78,js,627e868c,Avi Mehta,2025-02-08,22:33:24,-08:00,2025-02-08T22:33:24-08:00,4,24
projects/projects.js,79,js,627e868c,Avi Mehta,2025-02-08,22:33:24,-08:00,2025-02-08T22:33:24-08:00,4,49
projects/projects.js,80,js,baacdc42,Avi Mehta,2025-02-08,21:47:51,-08:00,2025-02-08T21:47:51-08:00,4,32
projects/projects.js,81,js,627e868c,Avi Mehta,2025-02-08,22:33:24,-08:00,2025-02-08T22:33:24-08:00,6,55
projects/projects.js,82,js,627e868c,Avi Mehta,2025-02-08,22:33:24,-08:00,2025-02-08T22:33:24-08:00,6,16
projects/projects.js,83,js,627e868c,Avi Mehta,2025-02-08,22:33:24,-08:00,2025-02-08T22:33:24-08:00,6,30
projects/projects.js,84,js,6cef1315,Avi Mehta,2025-02-08,21:38:01,-08:00,2025-02-08T21:38:01-08:00,4,1
projects/projects.js,85,js,8f04532e,Avi Mehta,2025-02-08,20:18:42,-08:00,2025-02-08T20:18:42-08:00,0,0
projects/projects.js,86,js,627e868c,Avi Mehta,2025-02-08,22:33:24,-08:00,2025-02-08T22:33:24-08:00,2,20
projects/projects.js,87,js,8f04532e,Avi Mehta,2025-02-08,20:18:42,-08:00,2025-02-08T20:18:42-08:00,4,9
projects/projects.js,88,js,8f04532e,Avi Mehta,2025-02-08,20:18:42,-08:00,2025-02-08T20:18:42-08:00,4,6
projects/projects.js,89,js,8f04532e,Avi Mehta,2025-02-08,20:18:42,-08:00,2025-02-08T20:18:42-08:00,4,11
projects/projects.js,90,js,627e868c,Avi Mehta,2025-02-08,22:33:24,-08:00,2025-02-08T22:33:24-08:00,4,78
projects/projects.js,91,js,8f04532e,Avi Mehta,2025-02-08,20:18:42,-08:00,2025-02-08T20:18:42-08:00,4,47
projects/projects.js,92,js,baacdc42,Avi Mehta,2025-02-08,21:47:51,-08:00,2025-02-08T21:47:51-08:00,4,66
projects/projects.js,93,js,627e868c,Avi Mehta,2025-02-08,22:33:24,-08:00,2025-02-08T22:33:24-08:00,4,35
projects/projects.js,94,js,627e868c,Avi Mehta,2025-02-08,22:33:24,-08:00,2025-02-08T22:33:24-08:00,6,43
projects/projects.js,95,js,627e868c,Avi Mehta,2025-02-08,22:33:24,-08:00,2025-02-08T22:33:24-08:00,6,16
projects/projects.js,96,js,627e868c,Avi Mehta,2025-02-08,22:33:24,-08:00,2025-02-08T22:33:24-08:00,6,30
projects/projects.js,97,js,627e868c,Avi Mehta,2025-02-08,22:33:24,-08:00,2025-02-08T22:33:24-08:00,4,1
projects/projects.js,98,js,627e868c,Avi Mehta,2025-02-08,22:33:24,-08:00,2025-02-08T22:33:24-08:00,0,0
projects/projects.js,99,js,627e868c,Avi Mehta,2025-02-08,22:33:24,-08:00,2025-02-08T22:33:24-08:00,0,0
projects/projects.js,100,js,627e868c,Avi Mehta,2025-02-08,22:33:24,-08:00,2025-02-08T22:33:24-08:00,0,26
projects/projects.js,101,js,627e868c,Avi Mehta,2025-02-08,22:33:24,-08:00,2025-02-08T22:33:24-08:00,2,36
projects/projects.js,102,js,627e868c,Avi Mehta,2025-02-08,22:33:24,-08:00,2025-02-08T22:33:24-08:00,2,32
projects/projects.js,103,js,baacdc42,Avi Mehta,2025-02-08,21:47:51,-08:00,2025-02-08T21:47:51-08:00,0,0
projects/projects.js,104,js,627e868c,Avi Mehta,2025-02-08,22:33:24,-08:00,2025-02-08T22:33:24-08:00,2,19
projects/projects.js,105,js,627e868c,Avi Mehta,2025-02-08,22:33:24,-08:00,2025-02-08T22:33:24-08:00,4,50
projects/projects.js,106,js,baacdc42,Avi Mehta,2025-02-08,21:47:51,-08:00,2025-02-08T21:47:51-08:00,0,0
projects/projects.js,107,js,627e868c,Avi Mehta,2025-02-08,22:33:24,-08:00,2025-02-08T22:33:24-08:00,2,20
projects/projects.js,108,js,627e868c,Avi Mehta,2025-02-08,22:33:24,-08:00,2025-02-08T22:33:24-08:00,4,50
projects/projects.js,109,js,627e868c,Avi Mehta,2025-02-08,22:33:24,-08:00,2025-02-08T22:33:24-08:00,0,0
projects/projects.js,110,js,baacdc42,Avi Mehta,2025-02-08,21:47:51,-08:00,2025-02-08T21:47:51-08:00,0,0
projects/projects.js,111,js,627e868c,Avi Mehta,2025-02-08,22:33:24,-08:00,2025-02-08T22:33:24-08:00,0,40
projects/projects.js,112,js,627e868c,Avi Mehta,2025-02-08,22:33:24,-08:00,2025-02-08T22:33:24-08:00,2,60
projects/projects.js,113,js,627e868c,Avi Mehta,2025-02-08,22:33:24,-08:00,2025-02-08T22:33:24-08:00,2,55
projects/projects.js,114,js,627e868c,Avi Mehta,2025-02-08,22:33:24,-08:00,2025-02-08T22:33:24-08:00,2,42
projects/projects.js,115,js,627e868c,Avi Mehta,2025-02-08,22:33:24,-08:00,2025-02-08T22:33:24-08:00,0,0
projects/projects.js,116,js,627e868c,Avi Mehta,2025-02-08,22:33:24,-08:00,2025-02-08T22:33:24-08:00,2,51
projects/projects.js,117,js,627e868c,Avi Mehta,2025-02-08,22:33:24,-08:00,2025-02-08T22:33:24-08:00,4,59
projects/projects.js,118,js,627e868c,Avi Mehta,2025-02-08,22:33:24,-08:00,2025-02-08T22:33:24-08:00,4,28
projects/projects.js,119,js,627e868c,Avi Mehta,2025-02-08,22:33:24,-08:00,2025-02-08T22:33:24-08:00,2,1
projects/projects.js,120,js,627e868c,Avi Mehta,2025-02-08,22:33:24,-08:00,2025-02-08T22:33:24-08:00,0,0
projects/projects.js,121,js,627e868c,Avi Mehta,2025-02-08,22:33:24,-08:00,2025-02-08T22:33:24-08:00,2,25
projects/projects.js,122,js,627e868c,Avi Mehta,2025-02-08,22:33:24,-08:00,2025-02-08T22:33:24-08:00,4,75
projects/projects.js,123,js,627e868c,Avi Mehta,2025-02-08,22:33:24,-08:00,2025-02-08T22:33:24-08:00,4,107
projects/projects.js,124,js,627e868c,Avi Mehta,2025-02-08,22:33:24,-08:00,2025-02-08T22:33:24-08:00,2,0
projects/projects.js,125,js,627e868c,Avi Mehta,2025-02-08,22:33:24,-08:00,2025-02-08T22:33:24-08:00,0,0
projects/projects.js,126,js,627e868c,Avi Mehta,2025-02-08,22:33:24,-08:00,2025-02-08T22:33:24-08:00,2,56
projects/projects.js,127,js,42389870,Avi Mehta,2025-01-31,23:29:17,-08:00,2025-01-31T23:29:17-08:00,0,0
projects/projects.js,128,js,42389870,Avi Mehta,2025-01-31,23:29:17,-08:00,2025-01-31T23:29:17-08:00,0,0
projects/projects.js,129,js,42389870,Avi Mehta,2025-01-31,23:29:17,-08:00,2025-01-31T23:29:17-08:00,0,51
projects/projects.js,130,js,42389870,Avi Mehta,2025-01-31,23:29:17,-08:00,2025-01-31T23:29:17-08:00,2,13
projects/projects.js,131,js,8a09741e,Avi Mehta,2025-02-08,18:05:27,-08:00,2025-02-08T18:05:27-08:00,0,1
projects/index.html,1,html,7ab2336f,avimehta30,2025-01-11,17:56:44,-08:00,2025-01-11T17:56:44-08:00,0,13
projects/index.html,2,html,7ab2336f,avimehta30,2025-01-11,17:56:44,-08:00,2025-01-11T17:56:44-08:00,0,14
projects/index.html,3,html,7ab2336f,avimehta30,2025-01-11,17:56:44,-08:00,2025-01-11T17:56:44-08:00,0,4
projects/index.html,4,html,7ab2336f,avimehta30,2025-01-11,17:56:44,-08:00,2025-01-11T17:56:44-08:00,2,20
projects/index.html,5,html,7ab2336f,avimehta30,2025-01-11,17:56:44,-08:00,2025-01-11T17:56:44-08:00,2,68
projects/index.html,6,html,7ab2336f,avimehta30,2025-01-11,17:56:44,-08:00,2025-01-11T17:56:44-08:00,2,21
projects/index.html,7,html,eded7995,avimehta30,2025-01-25,20:53:13,-08:00,2025-01-25T20:53:13-08:00,2,41
projects/index.html,8,html,7ab2336f,avimehta30,2025-01-11,17:56:44,-08:00,2025-01-11T17:56:44-08:00,0,5
projects/index.html,9,html,c46f93f7,avimehta30,2025-01-17,16:25:00,-08:00,2025-01-17T16:25:00-08:00,0,4
projects/index.html,10,html,5adf4450,Avi Mehta,2025-02-08,17:34:23,-08:00,2025-02-08T17:34:23-08:00,0,0
projects/index.html,11,html,42389870,Avi Mehta,2025-01-31,23:29:17,-08:00,2025-01-31T23:29:17-08:00,2,91
projects/index.html,12,html,42389870,Avi Mehta,2025-01-31,23:29:17,-08:00,2025-01-31T23:29:17-08:00,0,0
projects/index.html,13,html,8a09741e,Avi Mehta,2025-02-08,18:05:27,-08:00,2025-02-08T18:05:27-08:00,2,21
projects/index.html,14,html,8a09741e,Avi Mehta,2025-02-08,18:05:27,-08:00,2025-02-08T18:05:27-08:00,4,54
projects/index.html,15,html,8a09741e,Avi Mehta,2025-02-08,18:05:27,-08:00,2025-02-08T18:05:27-08:00,4,73
projects/index.html,16,html,8a09741e,Avi Mehta,2025-02-08,18:05:27,-08:00,2025-02-08T18:05:27-08:00,2,4
projects/index.html,17,html,5adf4450,Avi Mehta,2025-02-08,17:34:23,-08:00,2025-02-08T17:34:23-08:00,0,0
projects/index.html,18,html,8f04532e,Avi Mehta,2025-02-08,20:18:42,-08:00,2025-02-08T20:18:42-08:00,2,4
projects/index.html,19,html,8f04532e,Avi Mehta,2025-02-08,20:18:42,-08:00,2025-02-08T20:18:42-08:00,2,15
projects/index.html,20,html,8f04532e,Avi Mehta,2025-02-08,20:18:42,-08:00,2025-02-08T20:18:42-08:00,2,11
projects/index.html,21,html,8f04532e,Avi Mehta,2025-02-08,20:18:42,-08:00,2025-02-08T20:18:42-08:00,2,26
projects/index.html,22,html,8f04532e,Avi Mehta,2025-02-08,20:18:42,-08:00,2025-02-08T20:18:42-08:00,2,31
projects/index.html,23,html,8f04532e,Avi Mehta,2025-02-08,20:18:42,-08:00,2025-02-08T20:18:42-08:00,2,0
projects/index.html,24,html,8f04532e,Avi Mehta,2025-02-08,20:18:42,-08:00,2025-02-08T20:18:42-08:00,0,0
projects/index.html,25,html,42389870,Avi Mehta,2025-01-31,23:29:17,-08:00,2025-01-31T23:29:17-08:00,2,78
projects/index.html,26,html,15b506e7,avimehta30,2025-01-17,16:29:16,-08:00,2025-01-17T16:29:16-08:00,0,0
projects/index.html,27,html,42389870,Avi Mehta,2025-01-31,23:29:17,-08:00,2025-01-31T23:29:17-08:00,2,48
projects/index.html,28,html,42389870,Avi Mehta,2025-01-31,23:29:17,-08:00,2025-01-31T23:29:17-08:00,2,47
projects/index.html,29,html,5adf4450,Avi Mehta,2025-02-08,17:34:23,-08:00,2025-02-08T17:34:23-08:00,0,0
projects/index.html,30,html,7ab2336f,avimehta30,2025-01-11,17:56:44,-08:00,2025-01-11T17:56:44-08:00,0,5
projects/index.html,31,html,7ab2336f,avimehta30,2025-01-11,17:56:44,-08:00,2025-01-11T17:56:44-08:00,0,5
contact/index.html,1,html,7ab2336f,avimehta30,2025-01-11,17:56:44,-08:00,2025-01-11T17:56:44-08:00,0,13
contact/index.html,2,html,7ab2336f,avimehta30,2025-01-11,17:56:44,-08:00,2025-01-11T17:56:44-08:00,0,14
contact/index.html,3,html,7ab2336f,avimehta30,2025-01-11,17:56:44,-08:00,2025-01-11T17:56:44-08:00,0,4
contact/index.html,4,html,7ab2336f,avimehta30,2025-01-11,17:56:44,-08:00,2025-01-11T17:56:44-08:00,2,20
contact/index.html,5,html,7ab2336f,avimehta30,2025-01-11,17:56:44,-08:00,2025-01-11T17:56:44-08:00,2,68
contact/index.html,6,html,48176e6f,avimehta30,2025-01-17,04:59:30,-08:00,2025-01-17T04:59:30-08:00,2,23
contact/index.html,7,html,75015992,avimehta30,2025-01-25,19:28:34,-08:00,2025-01-25T19:28:34-08:00,2,41
contact/index.html,8,html,75015992,avimehta30,2025-01-25,19:28:34,-08:00,2025-01-25T19:28:34-08:00,2,48
contact/index.html,9,html,7ab2336f,avimehta30,2025-01-11,17:56:44,-08:00,2025-01-11T17:56:44-08:00,0,5
contact/index.html,10,html,7ab2336f,avimehta30,2025-01-11,17:56:44,-08:00,2025-01-11T17:56:44-08:00,0,4
contact/index.html,11,html,48176e6f,avimehta30,2025-01-17,04:59:30,-08:00,2025-01-17T04:59:30-08:00,2,17
contact/index.html,12,html,6d7c1135,avimehta30,2025-01-17,04:50:38,-08:00,2025-01-17T04:50:38-08:00,0,0
contact/index.html,13,html,c77f42fc,avimehta30,2025-01-17,04:56:36,-08:00,2025-01-17T04:56:36-08:00,2,78
contact/index.html,14,html,b0becd27,avimehta30,2025-01-11,18:48:43,-08:00,2025-01-11T18:48:43-08:00,4,31
contact/index.html,15,html,48176e6f,avimehta30,2025-01-17,04:59:30,-08:00,2025-01-17T04:59:30-08:00,4,84
contact/index.html,16,html,6d7c1135,avimehta30,2025-01-17,04:50:38,-08:00,2025-01-17T04:50:38-08:00,0,0
contact/index.html,17,html,fdb57a3d,avimehta30,2025-01-11,18:46:28,-08:00,2025-01-11T18:46:28-08:00,4,35
contact/index.html,18,html,48176e6f,avimehta30,2025-01-17,04:59:30,-08:00,2025-01-17T04:59:30-08:00,4,76
contact/index.html,19,html,6d7c1135,avimehta30,2025-01-17,04:50:38,-08:00,2025-01-17T04:50:38-08:00,0,0
contact/index.html,20,html,48176e6f,avimehta30,2025-01-17,04:59:30,-08:00,2025-01-17T04:59:30-08:00,4,32
contact/index.html,21,html,48176e6f,avimehta30,2025-01-17,04:59:30,-08:00,2025-01-17T04:59:30-08:00,4,86
contact/index.html,22,html,6d7c1135,avimehta30,2025-01-17,04:50:38,-08:00,2025-01-17T04:50:38-08:00,0,0
contact/index.html,23,html,48176e6f,avimehta30,2025-01-17,04:59:30,-08:00,2025-01-17T04:59:30-08:00,4,33
contact/index.html,24,html,fdb57a3d,avimehta30,2025-01-11,18:46:28,-08:00,2025-01-11T18:46:28-08:00,2,5
contact/index.html,25,html,7ab2336f,avimehta30,2025-01-11,17:56:44,-08:00,2025-01-11T17:56:44-08:00,0,5
contact/index.html,26,html,eded7995,avimehta30,2025-01-25,20:53:13,-08:00,2025-01-25T20:53:13-08:00,0,5
